Transaction ID,Type,Date,Period,Document Number,Status,Posting,Entity,Account Number,Account Name,Memo,Item,Item Description,Quantity,Unit of Measure,Unit Price,Currency,Exchange Rate to USD,Amount (Foreign),Tax Amount (Foreign),Net Amount (Foreign),Amount (USD),Subsidiary,Location,Department,Class,Terms,Payment Method,Created From,Approval User
TXN-0005156,Expense Report,2024-11-20,Nov 2024,EXP-531014,Pending Approval,Yes,AWS,6200,G&A Expense,Support plan,SKU-TRNG-01,Admin Training,11.3,Hour,244.85,USD,1.0,5598.89,531.89,6130.78,5598.89,Enso US,US-West,HR,Enterprise,,,,Derrick Cho
TXN-0005157,Bill,2024-11-10,Nov 2024,BIL-333585,Paid In Full,Yes,Cloudflare,5000,COGS,Monthly charge,SKU-SUP-PREM,Premium Support,8.21,Month,2765.58,GBP,1.27,845.84,0.0,845.84,1074.22,Enso EU,US-East,Sales,SMB,Net 15,,,Elena Petrova
TXN-0005158,Cash Sale,2024-11-21,Nov 2024,CAS-983500,Paid,Yes,Umbrella LLC,4100,Services Revenue,Quarterly true-up,SKU-ENSO-PRO,Enso Pro License,9.98,Each,2371.82,USD,1.0,12468.23,1184.48,13652.71,12468.23,Enso EU,UK-South,HR,Enterprise,,ACH,,
TXN-0005159,Transfer,2024-11-26,Nov 2024,TRA-961267,Completed,Yes,Google Cloud,2000,Accounts Payable,License renewal,,,,,,USD,1.0,26709.63,0.0,26709.63,26709.63,Enso EU,EU-Central,HR,Internal,,,,Carlos Ortiz
TXN-0005160,Invoice,2024-11-19,Nov 2024,INV-553555,Partially Paid,Yes,Acme Partners,4100,Services Revenue,Quarterly true-up,SKU-SUP-PREM,Premium Support,9.7,Month,594.53,USD,1.0,6278.55,596.46,6875.01,6278.55,Enso EU,EU-Central,Sales,SMB,Due on Receipt,,,Jane Miller
TXN-0005161,Invoice,2024-11-16,Nov 2024,INV-465751,Open,Yes,Acme Corp,4100,Services Revenue,Travel & meals,SKU-ENSO-TEAM,Enso Team License,2.43,Each,338.72,USD,1.0,6397.02,559.74,6956.76,6397.02,Enso US,EU-Central,R&D,SMB,Net 30,,,Ethan Brown
TXN-0005162,Expense Report,2024-11-02,Nov 2024,EXP-831879,Approved,Yes,Zoom,6100,R&D Expense,Support plan,SKU-SUP-PREM,Premium Support,4.81,Month,539.38,USD,1.0,7079.34,672.54,7751.88,7079.34,Enso UK,US-East,Sales,Mid-Market,,,,Maya Patel
TXN-0005163,Expense Report,2024-11-21,Nov 2024,EXP-922448,Paid,Yes,Dell,5000,COGS,Support plan,SKU-SUP-STD,Standard Support,4.48,Month,629.05,USD,1.0,12643.62,1201.14,13844.76,12643.62,Enso UK,US-East,Operations,Mid-Market,,,,Elena Petrova
TXN-0005164,Credit Memo,2024-11-24,Nov 2024,CRE-679625,Open,Yes,Globex Corp,4000,Revenue,Hardware purchase,SKU-SUP-STD,Standard Support,6.41,Month,936.01,EUR,1.09,-15110.28,0.0,-15110.28,-16470.21,Enso EU,EU-Central,Marketing,SMB,,,,Ethan Brown
TXN-0005165,Journal Entry,2024-11-02,Nov 2024,JOU-674252,Approved,Yes,Dell,4100,Services Revenue,Inventory receipt,,,,,,USD,1.0,31537.1,0.0,31537.1,31537.1,Enso US,UK-South,R&D,Internal,,,,Carlos Ortiz
TXN-0005166,Item Receipt,2024-11-01,Nov 2024,ITE-426960,Received,Yes,Stripe,1200,Inventory,License renewal,SKU-ENSO-TEAM,Enso Team License,2.33,Each,461.68,USD,1.0,9416.96,0.0,9416.96,9416.96,Enso EU,US-West,Marketing,SMB,,,,Maya Patel
TXN-0005167,Journal Entry,2024-11-28,Nov 2024,JOU-685231,Posted,Yes,AWS,5000,COGS,Support plan,,,,,,USD,1.0,40592.18,0.0,40592.18,40592.18,Enso UK,US-West,Marketing,Internal,,,,Maya Patel
TXN-0005168,Invoice,2024-11-04,Nov 2024,INV-679414,Partially Paid,Yes,Aperture LLC,4000,Revenue,Hardware purchase,SKU-ENSO-PRO,Enso Pro License,2.8,Each,939.79,GBP,1.27,4624.37,404.63,5029.0,5872.95,Enso UK,EU-Central,Finance,Enterprise,Due on Receipt,,,
TXN-0005169,Item Receipt,2024-11-29,Nov 2024,ITE-942782,Received,Yes,Cisco,1200,Inventory,Subscription,SKU-TRNG-01,Admin Training,8.06,Hour,1334.31,USD,1.0,16165.87,1414.51,17580.38,16165.87,Enso EU,EU-Central,Operations,SMB,,,,Derrick Cho
TXN-0005170,Expense Report,2024-11-30,Nov 2024,EXP-824759,Approved,Yes,Google Cloud,6000,Sales & Marketing,Hardware purchase,SKU-SUP-STD,Standard Support,1.0,Month,1021.72,USD,1.0,13183.52,1153.56,14337.08,13183.52,Enso EU,US-West,Sales,Enterprise,,,,Jane Miller
TXN-0005171,Vendor Payment,2024-11-18,Nov 2024,VEN-529906,Processed,Yes,Stripe,6200,G&A Expense,Subscription,,,,,,USD,1.0,1754.21,0.0,1754.21,1754.21,Enso EU,US-East,Sales,SMB,,Wire,,Priya Shah
TXN-0005172,Expense Report,2024-11-17,Nov 2024,EXP-435460,Pending Approval,Yes,AWS,6100,R&D Expense,Monthly charge,SKU-TRNG-01,Admin Training,1.0,Hour,858.12,USD,1.0,14343.78,717.19,15060.97,14343.78,Enso US,US-West,Marketing,Mid-Market,,,,Noah Smith
TXN-0005173,Customer Payment,2024-11-02,Nov 2024,CUS-246418,Undeposited,Yes,Tyrell Corp,4200,Product Revenue,Cloud services,,,,,,USD,1.0,2692.25,0.0,2692.25,2692.25,Enso US,EU-Central,Marketing,Mid-Market,,Check,,Liam O'Connor
TXN-0005174,Bill,2024-11-02,Nov 2024,BIL-812155,Partially Paid,Yes,Microsoft,6000,Sales & Marketing,Consulting services,SKU-SUP-STD,Standard Support,9.06,Month,1144.62,GBP,1.27,7867.53,747.42,8614.95,9991.76,Enso US,US-West,Finance,Internal,Net 15,,,
TXN-0005175,Item Receipt,2024-11-14,Nov 2024,ITE-263257,Received,Yes,Deloitte,1200,Inventory,Promotion credit,SKU-ENSO-PRO,Enso Pro License,6.88,Each,244.75,USD,1.0,14704.69,0.0,14704.69,14704.69,Enso UK,US-East,Finance,Internal,,,,Derrick Cho
TXN-0005176,Bill,2024-11-09,Nov 2024,BIL-364539,Open,Yes,Fastly,5000,COGS,Training session,SKU-SUP-PREM,Premium Support,1.4,Month,568.79,USD,1.0,4554.81,432.71,4987.52,4554.81,Enso US,US-West,Operations,Mid-Market,Net 15,,,Maya Patel
TXN-0005177,Cash Sale,2024-11-19,Nov 2024,CAS-357312,Paid,Yes,Initech LLC,4200,Product Revenue,Promotion credit,SKU-TRNG-01,Admin Training,6.63,Hour,912.48,USD,1.0,12650.08,0.0,12650.08,12650.08,Enso UK,US-West,Finance,Internal,,Check,,Derrick Cho
TXN-0005178,Journal Entry,2024-11-02,Nov 2024,JOU-784379,Posted,Yes,Google Cloud,1000,Checking,Promotion credit,,,,,,USD,1.0,4878.44,0.0,4878.44,4878.44,Enso US,US-East,Finance,SMB,,,,Jane Miller
TXN-0005179,Expense Report,2024-11-12,Nov 2024,EXP-244339,Paid,Yes,Microsoft,6000,Sales & Marketing,License renewal,SKU-ENSO-PRO,Enso Pro License,8.3,Each,1504.12,USD,1.0,14960.28,1309.02,16269.3,14960.28,Enso UK,US-West,Finance,Enterprise,,,,
TXN-0005180,Customer Payment,2024-11-19,Nov 2024,CUS-171743,Undeposited,Yes,Soylent Partners,4200,Product Revenue,Monthly charge,,,,,,USD,1.0,9653.15,0.0,9653.15,9653.15,Enso EU,US-East,Finance,SMB,,ACH,,Noah Smith
TXN-0005181,Vendor Payment,2024-11-23,Nov 2024,VEN-322152,Processed,Yes,Zoom,5000,COGS,Consulting services,,,,,,GBP,1.27,7650.13,0.0,7650.13,9715.67,Enso US,US-East,Operations,SMB,,ACH,,Noah Smith
TXN-0005182,Invoice,2024-11-20,Nov 2024,INV-861700,Paid In Full,Yes,Acme Partners,4200,Product Revenue,Subscription,SKU-ENSO-PRO,Enso Pro License,9.57,Each,1135.85,USD,1.0,4045.93,0.0,4045.93,4045.93,Enso EU,US-East,Sales,Enterprise,Net 15,,,
TXN-0005183,Bill,2024-11-04,Nov 2024,BIL-241546,Partially Paid,Yes,Microsoft,5000,COGS,Subscription,SKU-SUP-STD,Standard Support,1.0,Month,1424.35,USD,1.0,13672.83,1196.37,14869.2,13672.83,Enso EU,US-West,Marketing,SMB,Net 45,,,Noah Smith
TXN-0005184,Bill,2024-11-25,Nov 2024,BIL-500511,Paid In Full,Yes,Oracle,5000,COGS,Quarterly true-up,SKU-SUP-STD,Standard Support,6.03,Month,1165.22,USD,1.0,5552.78,0.0,5552.78,5552.78,Enso US,US-East,Finance,Enterprise,Due on Receipt,,,Elena Petrova
TXN-0005185,Customer Payment,2024-11-24,Nov 2024,CUS-988834,Undeposited,Yes,Umbrella Corp,4100,Services Revenue,Promotion credit,,,,,,GBP,1.27,18632.65,0.0,18632.65,23663.47,Enso US,UK-South,HR,Enterprise,,Check,,Maya Patel
TXN-0005186,Cash Sale,2024-11-22,Nov 2024,CAS-370766,Paid,Yes,Wayne Inc,4000,Revenue,Support plan,SKU-ENSO-TEAM,Enso Team License,5.82,Each,1815.5,USD,1.0,14069.58,0.0,14069.58,14069.58,Enso EU,US-West,Operations,SMB,,ACH,,Marcus Johnson
TXN-0005187,Invoice,2024-11-07,Nov 2024,INV-946354,Partially Paid,Yes,Initech Corp,4000,Revenue,Inventory receipt,SKU-SUP-PREM,Premium Support,8.88,Month,658.29,USD,1.0,21785.15,1089.26,22874.41,21785.15,Enso EU,US-East,Finance,Mid-Market,Net 15,,,Noah Smith
TXN-0005188,Customer Payment,2024-11-23,Nov 2024,CUS-884104,Undeposited,Yes,Acme Inc,4100,Services Revenue,Quarterly true-up,,,,,,USD,1.0,11304.02,0.0,11304.02,11304.02,Enso UK,EU-Central,HR,Enterprise,,Wire,,Jane Miller
TXN-0005189,Journal Entry,2024-11-08,Nov 2024,JOU-349974,Approved,Yes,Zoom,4000,Revenue,Inventory receipt,,,,,,USD,1.0,33465.98,0.0,33465.98,33465.98,Enso UK,EU-Central,Sales,SMB,,,,Priya Shah
TXN-0005190,Customer Payment,2024-11-26,Nov 2024,CUS-237043,Deposited,Yes,Hooli Corp,4200,Product Revenue,Cloud services,,,,,,USD,1.0,13410.41,0.0,13410.41,13410.41,Enso EU,EU-Central,R&D,Mid-Market,,Credit Card,,Noah Smith
TXN-0005191,Expense Report,2024-11-30,Nov 2024,EXP-137330,Approved,Yes,Accenture,5000,COGS,Hardware purchase,SKU-SUP-PREM,Premium Support,5.91,Month,448.13,USD,1.0,14779.76,1293.23,16072.99,14779.76,Enso US,US-West,Marketing,Internal,,,,Amelia Wong
TXN-0005192,Invoice,2024-11-13,Nov 2024,INV-891853,Open,Yes,Stark Partners,4100,Services Revenue,Cloud services,SKU-SUP-STD,Standard Support,2.75,Month,982.79,USD,1.0,16417.73,1436.55,17854.28,16417.73,Enso US,US-East,Operations,SMB,Net 15,,,
TXN-0005193,Bank Deposit,2024-11-25,Nov 2024,BAN-749003,Deposited,Yes,Microsoft,1200,Inventory,Travel & meals,,,,,,USD,1.0,9940.01,0.0,9940.01,9940.01,Enso US,US-East,Sales,Internal,,ACH,,Jane Miller
TXN-0005194,Vendor Credit,2024-11-03,Nov 2024,VEN-726378,Open,Yes,Dell,6000,Sales & Marketing,Support plan,SKU-SUP-STD,Standard Support,4.42,Month,1573.24,GBP,1.27,-13164.87,0.0,-13164.87,-16719.38,Enso US,US-East,Sales,Internal,,,,Carlos Ortiz
TXN-0005195,Journal Entry,2024-11-14,Nov 2024,JOU-535394,Approved,Yes,HP,2100,Accrued Expenses,Inventory receipt,,,,,,USD,1.0,22456.7,0.0,22456.7,22456.7,Enso EU,US-East,Operations,SMB,,,,
TXN-0005196,Invoice,2024-11-06,Nov 2024,INV-213814,Open,Yes,Cyberdyne LLC,4000,Revenue,Travel & meals,SKU-ENSO-PRO,Enso Pro License,5.3,Each,405.73,USD,1.0,13525.79,1284.95,14810.74,13525.79,Enso US,US-East,Finance,Enterprise,Net 45,,,Sophia Garcia
TXN-0005197,Bill,2024-11-17,Nov 2024,BIL-765118,Open,Yes,Salesforce,6200,G&A Expense,Hardware purchase,SKU-ENSO-PRO,Enso Pro License,3.02,Each,617.89,USD,1.0,1037.36,98.55,1135.91,1037.36,Enso US,EU-Central,HR,Internal,Net 30,,,Noah Smith
TXN-0005198,Invoice,2024-11-07,Nov 2024,INV-563025,Open,Yes,Wonka Partners,4000,Revenue,License renewal,SKU-SUP-PREM,Premium Support,11.01,Month,840.89,USD,1.0,18133.09,906.65,19039.74,18133.09,Enso US,UK-South,Marketing,Enterprise,Due on Receipt,,,Jane Miller
TXN-0005199,Vendor Credit,2024-11-11,Nov 2024,VEN-147937,Open,Yes,Accenture,6000,Sales & Marketing,Hardware purchase,SKU-SUP-STD,Standard Support,3.84,Month,643.83,USD,1.0,-7475.17,0.0,-7475.17,-7475.17,Enso EU,UK-South,Marketing,SMB,,,,Amelia Wong
TXN-0005200,Bill,2024-11-03,Nov 2024,BIL-914203,Open,Yes,Cloudflare,6200,G&A Expense,Inventory receipt,SKU-TRNG-01,Admin Training,1.0,Hour,1641.43,EUR,1.09,415.84,39.5,455.34,453.27,Enso UK,UK-South,Sales,Enterprise,Net 15,,,
TXN-0005201,Invoice,2024-11-18,Nov 2024,INV-825741,Open,Yes,Soylent LLC,4000,Revenue,Inventory receipt,SKU-SUP-PREM,Premium Support,6.68,Month,1309.37,USD,1.0,22319.72,1115.99,23435.71,22319.72,Enso US,UK-South,R&D,SMB,Due on Receipt,,,
TXN-0005202,Customer Payment,2024-11-05,Nov 2024,CUS-449398,Undeposited,Yes,Stark Inc,4200,Product Revenue,Support plan,,,,,,USD,1.0,2377.33,0.0,2377.33,2377.33,Enso EU,US-East,Marketing,Mid-Market,,Wire,,Derrick Cho
TXN-0005203,Journal Entry,2024-11-02,Nov 2024,JOU-989275,Posted,Yes,Deloitte,1200,Inventory,Promotion credit,,,,,,GBP,1.27,37938.48,0.0,37938.48,48181.87,Enso US,EU-Central,HR,SMB,,,,Marcus Johnson
TXN-0005204,Invoice,2024-11-05,Nov 2024,INV-582073,Open,Yes,Soylent Partners,4000,Revenue,Consulting services,SKU-SUP-PREM,Premium Support,6.2,Month,938.77,USD,1.0,7675.94,671.64,8347.58,7675.94,Enso UK,US-East,HR,Mid-Market,Net 45,,,Maya Patel
TXN-0005205,Cash Sale,2024-11-16,Nov 2024,CAS-418660,Paid,Yes,Tyrell LLC,4200,Product Revenue,Hardware purchase,SKU-TRNG-01,Admin Training,4.04,Hour,2335.3,GBP,1.27,13726.88,0.0,13726.88,17433.14,Enso UK,US-West,Operations,Mid-Market,,Credit Card,,Elena Petrova
TXN-0005206,Customer Payment,2024-11-27,Nov 2024,CUS-840204,Deposited,Yes,Acme Partners,4100,Services Revenue,Quarterly true-up,,,,,,USD,1.0,22470.97,0.0,22470.97,22470.97,Enso US,US-West,R&D,Enterprise,,ACH,,Derrick Cho
TXN-0005207,Customer Payment,2024-11-08,Nov 2024,CUS-832317,Deposited,Yes,Wonka Inc,4000,Revenue,Subscription,,,,,,USD,1.0,14520.05,0.0,14520.05,14520.05,Enso US,US-West,R&D,SMB,,Wire,,
TXN-0005208,Customer Payment,2024-11-30,Nov 2024,CUS-248803,Deposited,Yes,Wonka LLC,4200,Product Revenue,Subscription,,,,,,USD,1.0,22404.55,0.0,22404.55,22404.55,Enso US,UK-South,HR,Internal,,ACH,,Maya Patel
TXN-0005209,Bill,2024-11-03,Nov 2024,BIL-899999,Open,Yes,HP,6100,R&D Expense,Hardware purchase,SKU-SUP-STD,Standard Support,3.44,Month,641.93,USD,1.0,3098.55,154.93,3253.48,3098.55,Enso UK,EU-Central,Marketing,Enterprise,Net 45,,,
TXN-0005210,Bill,2024-11-20,Nov 2024,BIL-889354,Open,Yes,AWS,6000,Sales & Marketing,Hardware purchase,SKU-SUP-STD,Standard Support,8.17,Month,846.84,USD,1.0,14498.88,724.94,15223.82,14498.88,Enso EU,EU-Central,R&D,SMB,Due on Receipt,,,Derrick Cho
TXN-0005211,Item Receipt,2024-11-06,Nov 2024,ITE-454910,Received,Yes,Dell,1200,Inventory,Training session,SKU-ENSO-TEAM,Enso Team License,4.21,Each,711.31,USD,1.0,11888.38,1040.23,12928.61,11888.38,Enso UK,US-East,Finance,Internal,,,,
TXN-0005212,Transfer,2024-11-14,Nov 2024,TRA-306724,Completed,Yes,Google Cloud,1000,Checking,License renewal,,,,,,USD,1.0,15472.34,0.0,15472.34,15472.34,Enso UK,EU-Central,HR,Enterprise,,,,Ethan Brown
TXN-0005213,Expense Report,2024-11-11,Nov 2024,EXP-937021,Approved,Yes,Microsoft,6100,R&D Expense,Subscription,SKU-ENSO-TEAM,Enso Team License,4.37,Each,1083.0,USD,1.0,4179.47,365.7,4545.17,4179.47,Enso US,UK-South,Finance,SMB,,,,Priya Shah
TXN-0005214,Credit Memo,2024-11-08,Nov 2024,CRE-770489,Applied,Yes,Tyrell Corp,4000,Revenue,Support plan,SKU-SUP-PREM,Premium Support,3.67,Month,742.86,USD,1.0,-21169.61,0.0,-21169.61,-21169.61,Enso US,EU-Central,Finance,Mid-Market,,,,Amelia Wong
TXN-0005215,Item Receipt,2024-11-16,Nov 2024,ITE-425122,Received,Yes,Dell,1200,Inventory,License renewal,SKU-SUP-PREM,Premium Support,4.62,Month,684.28,USD,1.0,1020.42,89.29,1109.71,1020.42,Enso EU,US-East,HR,Enterprise,,,,Ethan Brown
TXN-0005216,Cash Sale,2024-11-23,Nov 2024,CAS-424261,Paid,Yes,Wonka Inc,4100,Services Revenue,Subscription,SKU-ENSO-PRO,Enso Pro License,7.3,Each,597.12,USD,1.0,15362.54,768.13,16130.67,15362.54,Enso UK,US-East,R&D,Enterprise,,ACH,,Marcus Johnson
TXN-0005217,Invoice,2024-11-25,Nov 2024,INV-866048,Partially Paid,Yes,Initech Partners,4100,Services Revenue,Consulting services,SKU-SUP-PREM,Premium Support,4.16,Month,731.37,USD,1.0,23080.34,2192.63,25272.97,23080.34,Enso UK,UK-South,Operations,SMB,Net 30,,,
TXN-0005218,Bill,2024-11-23,Nov 2024,BIL-643673,Paid In Full,Yes,Cloudflare,6000,Sales & Marketing,Cloud services,SKU-ENSO-TEAM,Enso Team License,9.73,Each,2043.74,USD,1.0,14210.02,0.0,14210.02,14210.02,Enso UK,US-West,HR,Enterprise,Net 45,,,Elena Petrova
TXN-0005219,Expense Report,2024-11-04,Nov 2024,EXP-431784,Paid,Yes,AWS,6000,Sales & Marketing,Travel & meals,SKU-SUP-PREM,Premium Support,6.51,Month,1624.97,USD,1.0,1528.63,145.22,1673.85,1528.63,Enso US,UK-South,HR,Internal,,,,Noah Smith
TXN-0005220,Vendor Payment,2024-11-28,Nov 2024,VEN-802754,Processed,Yes,Cloudflare,5000,COGS,Cloud services,,,,,,USD,1.0,337.95,0.0,337.95,337.95,Enso EU,US-East,Finance,Internal,,Check,,Maya Patel
TXN-0005221,Expense Report,2024-11-03,Nov 2024,EXP-666633,Paid,Yes,Salesforce,6100,R&D Expense,Training session,SKU-ENSO-PRO,Enso Pro License,6.86,Each,1792.85,USD,1.0,3640.57,345.85,3986.42,3640.57,Enso EU,UK-South,Sales,Internal,,,,Sophia Garcia
TXN-0005222,Bank Deposit,2024-11-16,Nov 2024,BAN-575993,Deposited,Yes,Cisco,5000,COGS,Promotion credit,,,,,,USD,1.0,46157.74,0.0,46157.74,46157.74,Enso EU,UK-South,Finance,Enterprise,,ACH,,Ethan Brown
TXN-0005223,Invoice,2024-11-16,Nov 2024,INV-516191,Paid In Full,Yes,Globex Partners,4100,Services Revenue,Promotion credit,SKU-TRNG-01,Admin Training,1.0,Hour,654.6,USD,1.0,9904.55,495.23,10399.78,9904.55,Enso US,US-West,HR,SMB,Net 15,,,Noah Smith
TXN-0005224,Invoice,2024-11-30,Nov 2024,INV-742236,Open,Yes,Wonka Partners,4100,Services Revenue,Travel & meals,SKU-ENSO-TEAM,Enso Team License,9.89,Each,970.92,USD,1.0,10908.27,0.0,10908.27,10908.27,Enso EU,US-East,Operations,Internal,Net 45,,,Liam O'Connor
TXN-0005225,Item Receipt,2024-11-14,Nov 2024,ITE-686157,Received,Yes,Deloitte,1200,Inventory,Cloud services,SKU-SUP-PREM,Premium Support,6.63,Month,1180.58,USD,1.0,10865.87,543.29,11409.16,10865.87,Enso US,US-West,Marketing,Mid-Market,,,,Marcus Johnson
TXN-0005226,Vendor Payment,2024-11-08,Nov 2024,VEN-720579,Processed,Yes,Oracle,6100,R&D Expense,Quarterly true-up,,,,,,USD,1.0,13333.34,0.0,13333.34,13333.34,Enso EU,EU-Central,Operations,Mid-Market,,Check,,
TXN-0005227,Invoice,2024-11-13,Nov 2024,INV-587114,Partially Paid,Yes,Massive Dynamic Corp,4100,Services Revenue,Quarterly true-up,SKU-SUP-STD,Standard Support,6.99,Month,1039.61,USD,1.0,20396.43,1937.66,22334.09,20396.43,Enso US,UK-South,Marketing,Internal,Due on Receipt,,,Maya Patel
TXN-0005228,Bill,2024-11-02,Nov 2024,BIL-601471,Partially Paid,Yes,Accenture,6000,Sales & Marketing,Cloud services,SKU-TRNG-01,Admin Training,7.46,Hour,381.19,USD,1.0,481.71,0.0,481.71,481.71,Enso UK,US-East,HR,Mid-Market,Net 45,,,Priya Shah
TXN-0005229,Invoice,2024-11-01,Nov 2024,INV-460597,Partially Paid,Yes,Soylent Partners,4000,Revenue,Subscription,SKU-TRNG-01,Admin Training,2.72,Hour,965.32,USD,1.0,8634.1,820.24,9454.34,8634.1,Enso EU,US-West,Sales,Enterprise,Due on Receipt,,,Jane Miller
TXN-0005230,Customer Payment,2024-11-24,Nov 2024,CUS-492438,Undeposited,Yes,Globex Partners,4000,Revenue,License renewal,,,,,,USD,1.0,19069.54,0.0,19069.54,19069.54,Enso EU,US-East,HR,Internal,,Check,,Liam O'Connor
TXN-0005231,Invoice,2024-11-23,Nov 2024,INV-563803,Open,Yes,Tyrell Inc,4100,Services Revenue,Quarterly true-up,SKU-SUP-PREM,Premium Support,8.48,Month,374.52,USD,1.0,11851.15,1125.86,12977.01,11851.15,Enso EU,US-East,Finance,Enterprise,Net 30,,,Derrick Cho
TXN-0005232,Vendor Payment,2024-11-28,Nov 2024,VEN-126364,Processed,Yes,AWS,5000,COGS,Travel & meals,,,,,,USD,1.0,12147.3,0.0,12147.3,12147.3,Enso US,US-West,Finance,Internal,,Wire,,Marcus Johnson
TXN-0005233,Invoice,2024-11-07,Nov 2024,INV-422664,Open,Yes,Soylent Partners,4000,Revenue,Training session,SKU-SUP-STD,Standard Support,5.21,Month,787.44,USD,1.0,535.78,26.79,562.57,535.78,Enso US,EU-Central,Sales,Internal,Net 30,,,Marcus Johnson
TXN-0005234,Vendor Payment,2024-11-19,Nov 2024,VEN-392753,Processed,Yes,Dell,5000,COGS,Monthly charge,,,,,,USD,1.0,8151.14,0.0,8151.14,8151.14,Enso UK,US-West,Sales,Enterprise,,Wire,,Jane Miller
TXN-0005235,Customer Payment,2024-11-24,Nov 2024,CUS-176421,Undeposited,Yes,Vehement Corp,4000,Revenue,Training session,,,,,,USD,1.0,2105.55,0.0,2105.55,2105.55,Enso EU,US-West,Marketing,Enterprise,,Credit Card,,Ethan Brown
TXN-0005236,Customer Payment,2024-11-07,Nov 2024,CUS-851455,Undeposited,Yes,Vehement Corp,4200,Product Revenue,Travel & meals,,,,,,USD,1.0,1269.66,0.0,1269.66,1269.66,Enso US,UK-South,Operations,Enterprise,,Check,,Ethan Brown
TXN-0005237,Expense Report,2024-11-21,Nov 2024,EXP-305459,Paid,Yes,KPMG,5000,COGS,Consulting services,SKU-SUP-STD,Standard Support,1.0,Month,397.56,USD,1.0,11929.58,0.0,11929.58,11929.58,Enso UK,US-East,Finance,SMB,,,,Maya Patel
TXN-0005238,Bill,2024-11-19,Nov 2024,BIL-552649,Partially Paid,Yes,Salesforce,6100,R&D Expense,Training session,SKU-ENSO-TEAM,Enso Team License,4.3,Each,508.75,USD,1.0,4346.74,412.94,4759.68,4346.74,Enso UK,US-East,Marketing,SMB,Net 15,,,Carlos Ortiz
TXN-0005239,Customer Payment,2024-11-23,Nov 2024,CUS-510030,Deposited,Yes,Stark Inc,4100,Services Revenue,Monthly charge,,,,,,EUR,1.09,2420.22,0.0,2420.22,2638.04,Enso US,UK-South,Operations,Internal,,Wire,,
TXN-0005240,Journal Entry,2024-11-05,Nov 2024,JOU-460758,Approved,Yes,Deloitte,1100,Accounts Receivable,Hardware purchase,,,,,,USD,1.0,16182.83,0.0,16182.83,16182.83,Enso EU,UK-South,HR,Enterprise,,,,Elena Petrova
TXN-0005241,Vendor Payment,2024-11-16,Nov 2024,VEN-443486,Processed,Yes,Salesforce,6100,R&D Expense,Inventory receipt,,,,,,USD,1.0,6251.58,0.0,6251.58,6251.58,Enso UK,EU-Central,HR,Internal,,Wire,,Jane Miller
TXN-0005242,Bill,2024-11-04,Nov 2024,BIL-570956,Partially Paid,Yes,Zoom,6000,Sales & Marketing,Hardware purchase,SKU-ENSO-PRO,Enso Pro License,5.45,Each,1718.02,USD,1.0,7575.57,719.68,8295.25,7575.57,Enso US,UK-South,R&D,Internal,Net 15,,,Carlos Ortiz
TXN-0005243,Vendor Payment,2024-11-15,Nov 2024,VEN-603925,Processed,Yes,Google Cloud,6000,Sales & Marketing,Consulting services,,,,,,USD,1.0,8872.08,0.0,8872.08,8872.08,Enso EU,US-West,Finance,Internal,,Check,,Liam O'Connor
TXN-0005244,Item Receipt,2024-11-13,Nov 2024,ITE-138244,Received,Yes,Salesforce,1200,Inventory,License renewal,SKU-SUP-PREM,Premium Support,5.03,Month,1672.83,GBP,1.27,15268.25,0.0,15268.25,19390.68,Enso EU,EU-Central,Operations,Internal,,,,Carlos Ortiz
TXN-0005245,Invoice,2024-11-06,Nov 2024,INV-472674,Paid In Full,Yes,Soylent Inc,4200,Product Revenue,Promotion credit,SKU-TRNG-01,Admin Training,8.33,Hour,1036.78,USD,1.0,19893.59,994.68,20888.27,19893.59,Enso UK,EU-Central,Finance,Enterprise,Net 15,,,Jane Miller
TXN-0005246,Bank Deposit,2024-11-30,Nov 2024,BAN-810160,Deposited,Yes,Salesforce,4200,Product Revenue,Travel & meals,,,,,,GBP,1.27,20249.55,0.0,20249.55,25716.93,Enso EU,EU-Central,Finance,Enterprise,,Credit Card,,Marcus Johnson
TXN-0005247,Bill,2024-11-07,Nov 2024,BIL-360904,Paid In Full,Yes,Accenture,5000,COGS,Training session,SKU-SUP-PREM,Premium Support,8.87,Month,1771.99,USD,1.0,14796.98,739.85,15536.83,14796.98,Enso UK,EU-Central,Operations,Internal,Net 45,,,Liam O'Connor
TXN-0005248,Item Receipt,2024-11-17,Nov 2024,ITE-999011,Received,Yes,Cisco,1200,Inventory,Subscription,SKU-SUP-PREM,Premium Support,3.25,Month,1235.89,USD,1.0,7677.09,383.85,8060.94,7677.09,Enso UK,US-West,Sales,Mid-Market,,,,Maya Patel
TXN-0005249,Credit Memo,2024-11-06,Nov 2024,CRE-484466,Open,Yes,Vehement Inc,4100,Services Revenue,Promotion credit,SKU-ENSO-TEAM,Enso Team License,1.76,Each,2993.76,USD,1.0,-11250.64,0.0,-11250.64,-11250.64,Enso EU,US-East,Sales,Enterprise,,,,Sophia Garcia
TXN-0005250,Vendor Credit,2024-11-03,Nov 2024,VEN-896180,Open,Yes,Accenture,5000,COGS,Cloud services,SKU-TRNG-01,Admin Training,7.54,Hour,1939.44,EUR,1.09,-4385.59,0.0,-4385.59,-4780.29,Enso US,US-West,R&D,Mid-Market,,,,
TXN-0005251,Customer Payment,2024-11-24,Nov 2024,CUS-402804,Undeposited,Yes,Massive Dynamic Corp,4000,Revenue,Hardware purchase,,,,,,USD,1.0,8265.72,0.0,8265.72,8265.72,Enso EU,US-East,Sales,Enterprise,,Credit Card,,Noah Smith
TXN-0005252,Customer Payment,2024-11-10,Nov 2024,CUS-900083,Undeposited,Yes,Aperture Corp,4000,Revenue,Hardware purchase,,,,,,USD,1.0,7719.57,0.0,7719.57,7719.57,Enso UK,US-East,Finance,Mid-Market,,ACH,,Amelia Wong
TXN-0005253,Journal Entry,2024-11-12,Nov 2024,JOU-378088,Approved,Yes,KPMG,1200,Inventory,Inventory receipt,,,,,,USD,1.0,24539.96,0.0,24539.96,24539.96,Enso EU,UK-South,R&D,Enterprise,,,,Derrick Cho
TXN-0005254,Invoice,2024-11-16,Nov 2024,INV-345137,Paid In Full,Yes,Cyberdyne Partners,4000,Revenue,Consulting services,SKU-SUP-STD,Standard Support,8.21,Month,843.25,USD,1.0,3612.35,343.17,3955.52,3612.35,Enso UK,US-East,Finance,Enterprise,Due on Receipt,,,Liam O'Connor
TXN-0005255,Item Receipt,2024-11-29,Nov 2024,ITE-225819,Received,Yes,AWS,1200,Inventory,Quarterly true-up,SKU-SUP-PREM,Premium Support,6.64,Month,1044.42,USD,1.0,11003.74,1045.36,12049.1,11003.74,Enso US,UK-South,Operations,SMB,,,,Liam O'Connor
TXN-0005256,Vendor Payment,2024-11-22,Nov 2024,VEN-521872,Processed,Yes,Accenture,6100,R&D Expense,Cloud services,,,,,,USD,1.0,1037.76,0.0,1037.76,1037.76,Enso EU,UK-South,Finance,Mid-Market,,Credit Card,,
TXN-0005257,Invoice,2024-11-27,Nov 2024,INV-434900,Open,Yes,Wonka Partners,4100,Services Revenue,Travel & meals,SKU-ENSO-TEAM,Enso Team License,7.85,Each,898.16,EUR,1.09,6448.12,564.21,7012.33,7028.45,Enso US,US-East,Sales,Enterprise,Net 45,,,Elena Petrova
TXN-0005258,Bill,2024-11-19,Nov 2024,BIL-550825,Partially Paid,Yes,Cloudflare,5000,COGS,License renewal,SKU-SUP-STD,Standard Support,3.78,Month,2772.71,USD,1.0,6262.24,547.95,6810.19,6262.24,Enso EU,UK-South,R&D,SMB,Net 15,,,Priya Shah
TXN-0005259,Bill,2024-11-22,Nov 2024,BIL-295624,Paid In Full,Yes,Microsoft,6100,R&D Expense,Support plan,SKU-ENSO-PRO,Enso Pro License,1.98,Each,78.82,USD,1.0,3283.14,0.0,3283.14,3283.14,Enso EU,EU-Central,Finance,Internal,Net 15,,,
TXN-0005260,Journal Entry,2024-11-17,Nov 2024,JOU-523377,Approved,Yes,Fastly,3000,Equity,Promotion credit,,,,,,USD,1.0,16333.08,0.0,16333.08,16333.08,Enso US,US-East,HR,Internal,,,,Ethan Brown
TXN-0005261,Customer Payment,2024-11-25,Nov 2024,CUS-833795,Deposited,Yes,Umbrella Corp,4000,Revenue,Promotion credit,,,,,,USD,1.0,1464.94,0.0,1464.94,1464.94,Enso US,US-East,R&D,Mid-Market,,Wire,,Amelia Wong
TXN-0005262,Bill,2024-11-28,Nov 2024,BIL-402230,Open,Yes,Cisco,6000,Sales & Marketing,Support plan,SKU-ENSO-TEAM,Enso Team License,8.66,Each,2374.9,GBP,1.27,7453.46,652.18,8105.64,9465.89,Enso EU,EU-Central,HR,Enterprise,Net 15,,,
TXN-0005263,Customer Payment,2024-11-26,Nov 2024,CUS-801671,Deposited,Yes,Tyrell Inc,4200,Product Revenue,Cloud services,,,,,,EUR,1.09,10998.27,0.0,10998.27,11988.11,Enso US,UK-South,R&D,Mid-Market,,Wire,,
TXN-0005264,Vendor Payment,2024-11-20,Nov 2024,VEN-367949,Processed,Yes,Stripe,5000,COGS,Subscription,,,,,,USD,1.0,11911.26,0.0,11911.26,11911.26,Enso UK,US-East,R&D,Internal,,Credit Card,,
TXN-0005265,Customer Payment,2024-11-20,Nov 2024,CUS-864461,Deposited,Yes,Acme Corp,4100,Services Revenue,License renewal,,,,,,USD,1.0,9813.51,0.0,9813.51,9813.51,Enso EU,EU-Central,Sales,Mid-Market,,ACH,,Derrick Cho
TXN-0005266,Bill,2024-11-19,Nov 2024,BIL-862483,Paid In Full,Yes,Oracle,5000,COGS,Cloud services,SKU-ENSO-PRO,Enso Pro License,10.29,Each,1772.77,USD,1.0,14235.93,711.8,14947.73,14235.93,Enso UK,EU-Central,Operations,Mid-Market,Net 30,,,
TXN-0005267,Item Receipt,2024-11-23,Nov 2024,ITE-159764,Received,Yes,Accenture,1200,Inventory,Quarterly true-up,SKU-SUP-PREM,Premium Support,4.85,Month,1130.16,USD,1.0,10109.53,0.0,10109.53,10109.53,Enso UK,EU-Central,Finance,Internal,,,,Maya Patel
TXN-0005268,Vendor Payment,2024-11-27,Nov 2024,VEN-597913,Processed,Yes,Dell,6100,R&D Expense,Cloud services,,,,,,USD,1.0,3173.03,0.0,3173.03,3173.03,Enso US,US-East,Marketing,Internal,,Wire,,Sophia Garcia
TXN-0005269,Invoice,2024-11-25,Nov 2024,INV-959967,Partially Paid,Yes,Stark Corp,4100,Services Revenue,Inventory receipt,SKU-TRNG-01,Admin Training,7.46,Hour,1709.57,USD,1.0,12582.0,0.0,12582.0,12582.0,Enso EU,US-West,Finance,Internal,Due on Receipt,,,
TXN-0005270,Customer Payment,2024-11-27,Nov 2024,CUS-971173,Undeposited,Yes,Tyrell LLC,4200,Product Revenue,Inventory receipt,,,,,,USD,1.0,5897.02,0.0,5897.02,5897.02,Enso UK,US-East,Sales,Mid-Market,,Credit Card,,
TXN-0005271,Vendor Payment,2024-11-19,Nov 2024,VEN-351338,Processed,Yes,Cisco,6100,R&D Expense,Support plan,,,,,,USD,1.0,9386.44,0.0,9386.44,9386.44,Enso UK,UK-South,R&D,Mid-Market,,Credit Card,,Sophia Garcia
TXN-0005272,Cash Sale,2024-11-03,Nov 2024,CAS-257724,Paid,Yes,Acme Inc,4100,Services Revenue,License renewal,SKU-TRNG-01,Admin Training,4.03,Hour,1111.86,USD,1.0,17539.8,1666.28,19206.08,17539.8,Enso UK,UK-South,R&D,Mid-Market,,Wire,,Sophia Garcia
TXN-0005273,Bill,2024-11-02,Nov 2024,BIL-438977,Partially Paid,Yes,KPMG,5000,COGS,Training session,SKU-ENSO-PRO,Enso Pro License,1.82,Each,882.14,USD,1.0,12142.4,0.0,12142.4,12142.4,Enso EU,US-East,Finance,SMB,Due on Receipt,,,
TXN-0005274,Invoice,2024-11-04,Nov 2024,INV-418017,Paid In Full,Yes,Hooli Corp,4100,Services Revenue,Consulting services,SKU-TRNG-01,Admin Training,4.32,Hour,1114.66,USD,1.0,21542.41,0.0,21542.41,21542.41,Enso EU,UK-South,HR,Mid-Market,Net 15,,,Derrick Cho
TXN-0005275,Invoice,2024-11-22,Nov 2024,INV-851550,Paid In Full,Yes,Wonka Corp,4000,Revenue,Monthly charge,SKU-ENSO-PRO,Enso Pro License,1.92,Each,1408.71,USD,1.0,24747.06,2165.37,26912.43,24747.06,Enso EU,UK-South,Sales,SMB,Due on Receipt,,,Maya Patel
TXN-0005276,Item Receipt,2024-11-11,Nov 2024,ITE-156454,Received,Yes,Salesforce,1200,Inventory,Inventory receipt,SKU-SUP-PREM,Premium Support,6.83,Month,698.88,USD,1.0,3807.87,333.19,4141.06,3807.87,Enso US,US-West,Marketing,Mid-Market,,,,Derrick Cho
TXN-0005277,Cash Sale,2024-11-17,Nov 2024,CAS-922295,Paid,Yes,Aperture LLC,4200,Product Revenue,Monthly charge,SKU-ENSO-PRO,Enso Pro License,4.36,Each,1925.66,USD,1.0,4284.51,407.03,4691.54,4284.51,Enso US,US-West,R&D,SMB,,Wire,,
TXN-0005278,Credit Memo,2024-11-13,Nov 2024,CRE-991109,Applied,Yes,Wonka LLC,4000,Revenue,Hardware purchase,SKU-ENSO-PRO,Enso Pro License,3.6,Each,2054.03,EUR,1.09,-15537.62,0.0,-15537.62,-16936.01,Enso UK,US-East,Sales,Internal,,,,Maya Patel
TXN-0005279,Bill,2024-11-14,Nov 2024,BIL-714984,Paid In Full,Yes,KPMG,6000,Sales & Marketing,Support plan,SKU-ENSO-PRO,Enso Pro License,6.5,Each,455.58,GBP,1.27,12165.44,0.0,12165.44,15450.11,Enso EU,EU-Central,Sales,Enterprise,Net 45,,,Maya Patel
TXN-0005280,Expense Report,2024-11-08,Nov 2024,EXP-538171,Approved,Yes,Oracle,5000,COGS,Support plan,SKU-ENSO-PRO,Enso Pro License,3.52,Each,1668.93,USD,1.0,4787.55,0.0,4787.55,4787.55,Enso US,US-East,HR,Enterprise,,,,Sophia Garcia
TXN-0005281,Invoice,2024-11-22,Nov 2024,INV-792287,Open,Yes,Aperture LLC,4200,Product Revenue,Hardware purchase,SKU-ENSO-TEAM,Enso Team License,7.44,Each,1615.12,USD,1.0,9884.94,939.07,10824.01,9884.94,Enso EU,US-West,Sales,Enterprise,Net 30,,,Elena Petrova
TXN-0005282,Invoice,2024-11-24,Nov 2024,INV-566453,Open,Yes,Hooli Inc,4100,Services Revenue,Hardware purchase,SKU-ENSO-PRO,Enso Pro License,8.34,Each,756.64,USD,1.0,21952.19,2085.46,24037.65,21952.19,Enso US,US-East,HR,Mid-Market,Net 30,,,Derrick Cho
TXN-0005283,Expense Report,2024-11-06,Nov 2024,EXP-688807,Paid,Yes,Cloudflare,6200,G&A Expense,License renewal,SKU-SUP-PREM,Premium Support,6.75,Month,2178.49,USD,1.0,8056.44,765.36,8821.8,8056.44,Enso EU,UK-South,R&D,Internal,,,,Liam O'Connor
TXN-0005284,Invoice,2024-11-02,Nov 2024,INV-273097,Paid In Full,Yes,Acme LLC,4100,Services Revenue,License renewal,SKU-ENSO-PRO,Enso Pro License,4.34,Each,892.88,USD,1.0,13024.57,1237.33,14261.9,13024.57,Enso UK,US-West,Sales,SMB,Due on Receipt,,,Carlos Ortiz
TXN-0005285,Item Receipt,2024-11-16,Nov 2024,ITE-744521,Received,Yes,Google Cloud,1200,Inventory,Subscription,SKU-ENSO-TEAM,Enso Team License,4.29,Each,476.36,GBP,1.27,19646.64,1719.08,21365.72,24951.23,Enso EU,US-East,Finance,Internal,,,,Sophia Garcia
TXN-0005286,Bill,2024-11-30,Nov 2024,BIL-299471,Open,Yes,Stripe,6100,R&D Expense,Quarterly true-up,SKU-ENSO-TEAM,Enso Team License,3.71,Each,1229.66,USD,1.0,13489.11,1180.3,14669.41,13489.11,Enso EU,US-East,Sales,Internal,Due on Receipt,,,Noah Smith
TXN-0005287,Item Receipt,2024-11-24,Nov 2024,ITE-885991,Received,Yes,HP,1200,Inventory,Hardware purchase,SKU-SUP-PREM,Premium Support,3.68,Month,1708.04,USD,1.0,8309.72,789.42,9099.14,8309.72,Enso UK,US-East,R&D,SMB,,,,Priya Shah
TXN-0005288,Customer Payment,2024-11-18,Nov 2024,CUS-425427,Undeposited,Yes,Umbrella Partners,4000,Revenue,Promotion credit,,,,,,USD,1.0,5940.36,0.0,5940.36,5940.36,Enso EU,US-East,HR,Internal,,Check,,
TXN-0005289,Invoice,2024-11-29,Nov 2024,INV-115466,Open,Yes,Massive Dynamic Corp,4100,Services Revenue,Support plan,SKU-ENSO-PRO,Enso Pro License,8.71,Each,2499.34,GBP,1.27,2624.24,131.21,2755.45,3332.78,Enso US,US-East,Operations,Internal,Net 30,,,
TXN-0005290,Item Receipt,2024-11-24,Nov 2024,ITE-278991,Received,Yes,Microsoft,1200,Inventory,Support plan,SKU-SUP-STD,Standard Support,1.0,Month,2048.92,USD,1.0,14712.5,1397.69,16110.19,14712.5,Enso EU,EU-Central,HR,Mid-Market,,,,Jane Miller
TXN-0005291,Vendor Credit,2024-11-25,Nov 2024,VEN-222753,Open,Yes,Oracle,6200,G&A Expense,Hardware purchase,SKU-ENSO-PRO,Enso Pro License,1.71,Each,190.65,GBP,1.27,-5999.69,0.0,-5999.69,-7619.61,Enso EU,UK-South,Operations,Enterprise,,,,Maya Patel
TXN-0005292,Invoice,2024-11-26,Nov 2024,INV-343683,Open,Yes,Hooli Partners,4000,Revenue,Monthly charge,SKU-ENSO-PRO,Enso Pro License,1.0,Each,1166.5,EUR,1.09,6781.09,0.0,6781.09,7391.39,Enso EU,EU-Central,Sales,Mid-Market,Net 45,,,
TXN-0005293,Cash Sale,2024-11-26,Nov 2024,CAS-470829,Paid,Yes,Umbrella LLC,4200,Product Revenue,Support plan,SKU-ENSO-PRO,Enso Pro License,2.86,Each,1140.29,EUR,1.09,1120.39,0.0,1120.39,1221.23,Enso US,EU-Central,Operations,Mid-Market,,Credit Card,,Sophia Garcia
TXN-0005294,Bill,2024-11-15,Nov 2024,BIL-131276,Open,Yes,Cloudflare,6200,G&A Expense,License renewal,SKU-ENSO-PRO,Enso Pro License,8.54,Each,2917.24,USD,1.0,2534.15,221.74,2755.89,2534.15,Enso US,EU-Central,R&D,SMB,Net 45,,,Derrick Cho
TXN-0005295,Bill,2024-11-24,Nov 2024,BIL-204062,Paid In Full,Yes,HP,6000,Sales & Marketing,Subscription,SKU-ENSO-PRO,Enso Pro License,4.3,Each,1355.43,USD,1.0,2135.9,0.0,2135.9,2135.9,Enso UK,US-West,HR,SMB,Due on Receipt,,,Liam O'Connor
TXN-0005296,Bill,2024-11-19,Nov 2024,BIL-428405,Paid In Full,Yes,KPMG,5000,COGS,Travel & meals,SKU-ENSO-TEAM,Enso Team License,11.64,Each,170.5,USD,1.0,13957.49,697.87,14655.36,13957.49,Enso US,US-East,R&D,Mid-Market,Net 15,,,
TXN-0005297,Bill,2024-11-03,Nov 2024,BIL-654735,Paid In Full,Yes,Deloitte,6100,R&D Expense,Quarterly true-up,SKU-SUP-PREM,Premium Support,3.43,Month,1831.59,USD,1.0,10480.24,524.01,11004.25,10480.24,Enso US,US-West,Marketing,Mid-Market,Due on Receipt,,,Derrick Cho
TXN-0005298,Transfer,2024-11-26,Nov 2024,TRA-646137,Completed,Yes,Accenture,2000,Accounts Payable,License renewal,,,,,,USD,1.0,18099.11,0.0,18099.11,18099.11,Enso EU,US-West,HR,Internal,,,,Sophia Garcia
TXN-0005299,Credit Memo,2024-11-03,Nov 2024,CRE-557484,Open,Yes,Pied Piper Inc,4200,Product Revenue,License renewal,SKU-SUP-STD,Standard Support,11.56,Month,68.64,USD,1.0,-19442.6,0.0,-19442.6,-19442.6,Enso EU,US-West,R&D,SMB,,,,
TXN-0005300,Bill,2024-11-28,Nov 2024,BIL-476008,Partially Paid,Yes,Stripe,5000,COGS,Cloud services,SKU-ENSO-TEAM,Enso Team License,1.0,Each,1909.55,GBP,1.27,5850.67,555.81,6406.48,7430.35,Enso UK,US-East,Operations,SMB,Net 30,,,
TXN-0005301,Transfer,2024-11-26,Nov 2024,TRA-242991,Completed,Yes,Deloitte,6000,Sales & Marketing,Consulting services,,,,,,USD,1.0,30057.11,0.0,30057.11,30057.11,Enso EU,UK-South,Sales,SMB,,,,
TXN-0005302,Bill,2024-11-20,Nov 2024,BIL-366668,Open,Yes,Cloudflare,6200,G&A Expense,Subscription,SKU-SUP-STD,Standard Support,1.0,Month,1224.15,USD,1.0,14999.74,1424.98,16424.72,14999.74,Enso UK,US-West,Marketing,Mid-Market,Due on Receipt,,,Derrick Cho
TXN-0005303,Bill,2024-11-05,Nov 2024,BIL-694779,Open,Yes,Google Cloud,5000,COGS,Hardware purchase,SKU-SUP-STD,Standard Support,6.74,Month,1039.46,USD,1.0,4018.25,0.0,4018.25,4018.25,Enso US,UK-South,Sales,SMB,Net 45,,,
TXN-0005304,Item Receipt,2024-11-03,Nov 2024,ITE-816804,Received,Yes,Microsoft,1200,Inventory,Quarterly true-up,SKU-ENSO-PRO,Enso Pro License,2.88,Each,1243.41,USD,1.0,14494.36,1268.26,15762.62,14494.36,Enso UK,US-West,Finance,Mid-Market,,,,Liam O'Connor
TXN-0005305,Bank Deposit,2024-11-08,Nov 2024,BAN-243368,Deposited,Yes,Deloitte,1200,Inventory,Support plan,,,,,,USD,1.0,8413.92,0.0,8413.92,8413.92,Enso US,US-West,Marketing,Internal,,Credit Card,,Amelia Wong
TXN-0005306,Transfer,2024-11-18,Nov 2024,TRA-862059,Completed,Yes,AWS,6000,Sales & Marketing,Monthly charge,,,,,,USD,1.0,8478.53,0.0,8478.53,8478.53,Enso EU,EU-Central,Sales,Internal,,,,Maya Patel
TXN-0005307,Invoice,2024-11-17,Nov 2024,INV-911706,Partially Paid,Yes,Globex Partners,4200,Product Revenue,Travel & meals,SKU-TRNG-01,Admin Training,1.0,Hour,2512.05,USD,1.0,18406.64,1748.63,20155.27,18406.64,Enso US,EU-Central,Operations,Enterprise,Due on Receipt,,,Noah Smith
TXN-0005308,Bank Deposit,2024-11-08,Nov 2024,BAN-730817,Deposited,Yes,Zoom,4100,Services Revenue,Cloud services,,,,,,USD,1.0,34586.44,0.0,34586.44,34586.44,Enso EU,EU-Central,Marketing,Mid-Market,,ACH,,Ethan Brown
TXN-0005309,Expense Report,2024-11-16,Nov 2024,EXP-515076,Pending Approval,Yes,Dell,6000,Sales & Marketing,Consulting services,SKU-SUP-STD,Standard Support,1.0,Month,193.22,USD,1.0,5428.5,0.0,5428.5,5428.5,Enso US,US-East,Finance,Mid-Market,,,,
TXN-0005310,Credit Memo,2024-11-24,Nov 2024,CRE-746388,Open,Yes,Globex LLC,4200,Product Revenue,License renewal,SKU-ENSO-TEAM,Enso Team License,5.61,Each,1175.41,USD,1.0,-24067.58,0.0,-24067.58,-24067.58,Enso EU,US-East,Operations,Internal,,,,
TXN-0005311,Bank Deposit,2024-11-19,Nov 2024,BAN-214208,Deposited,Yes,Oracle,2000,Accounts Payable,Monthly charge,,,,,,USD,1.0,28026.62,0.0,28026.62,28026.62,Enso UK,UK-South,Finance,Mid-Market,,Wire,,
TXN-0005312,Journal Entry,2024-11-16,Nov 2024,JOU-588972,Approved,Yes,Dell,2000,Accounts Payable,Support plan,,,,,,USD,1.0,14338.61,0.0,14338.61,14338.61,Enso EU,US-West,Marketing,Enterprise,,,,Liam O'Connor
TXN-0005313,Bill,2024-11-17,Nov 2024,BIL-205608,Open,Yes,Cloudflare,6000,Sales & Marketing,Inventory receipt,SKU-ENSO-TEAM,Enso Team License,4.49,Each,2385.96,GBP,1.27,6973.14,0.0,6973.14,8855.89,Enso US,US-East,Finance,Mid-Market,Net 30,,,Amelia Wong
TXN-0005314,Vendor Payment,2024-11-27,Nov 2024,VEN-830417,Processed,Yes,Zoom,6100,R&D Expense,Hardware purchase,,,,,,EUR,1.09,6597.42,0.0,6597.42,7191.19,Enso UK,US-West,Sales,Internal,,Check,,Sophia Garcia
TXN-0005315,Vendor Payment,2024-11-30,Nov 2024,VEN-550711,Processed,Yes,Oracle,6000,Sales & Marketing,License renewal,,,,,,USD,1.0,14957.76,0.0,14957.76,14957.76,Enso US,UK-South,Finance,Enterprise,,Credit Card,,Derrick Cho
TXN-0005316,Customer Payment,2024-11-26,Nov 2024,CUS-857800,Undeposited,Yes,Cyberdyne Partners,4100,Services Revenue,Travel & meals,,,,,,USD,1.0,11717.16,0.0,11717.16,11717.16,Enso UK,US-West,Finance,Enterprise,,ACH,,Carlos Ortiz
TXN-0005317,Customer Payment,2024-11-08,Nov 2024,CUS-497559,Deposited,Yes,Pied Piper Inc,4200,Product Revenue,Support plan,,,,,,GBP,1.27,1888.65,0.0,1888.65,2398.59,Enso EU,US-West,Operations,SMB,,ACH,,Carlos Ortiz
TXN-0005318,Invoice,2024-11-11,Nov 2024,INV-426342,Partially Paid,Yes,Globex LLC,4100,Services Revenue,Support plan,SKU-SUP-PREM,Premium Support,1.0,Month,1390.01,USD,1.0,1019.76,96.88,1116.64,1019.76,Enso US,UK-South,HR,Enterprise,Net 30,,,Sophia Garcia
TXN-0005319,Expense Report,2024-11-02,Nov 2024,EXP-763606,Paid,Yes,KPMG,6100,R&D Expense,Monthly charge,SKU-ENSO-TEAM,Enso Team License,1.83,Each,610.29,USD,1.0,14202.98,0.0,14202.98,14202.98,Enso US,US-East,Operations,SMB,,,,Sophia Garcia
TXN-0005320,Customer Payment,2024-11-03,Nov 2024,CUS-649063,Deposited,Yes,Pied Piper Corp,4000,Revenue,Consulting services,,,,,,USD,1.0,3264.09,0.0,3264.09,3264.09,Enso UK,US-East,HR,Internal,,Wire,,Amelia Wong
TXN-0005321,Customer Payment,2024-11-18,Nov 2024,CUS-990005,Deposited,Yes,Hooli Partners,4000,Revenue,Inventory receipt,,,,,,USD,1.0,4238.7,0.0,4238.7,4238.7,Enso UK,EU-Central,Marketing,Enterprise,,Credit Card,,Ethan Brown
TXN-0005322,Vendor Payment,2024-11-22,Nov 2024,VEN-154777,Processed,Yes,Google Cloud,5000,COGS,Cloud services,,,,,,USD,1.0,10123.16,0.0,10123.16,10123.16,Enso UK,US-East,HR,Mid-Market,,Check,,Amelia Wong
TXN-0005323,Customer Payment,2024-11-19,Nov 2024,CUS-858545,Deposited,Yes,Cyberdyne LLC,4100,Services Revenue,Hardware purchase,,,,,,GBP,1.27,3078.65,0.0,3078.65,3909.89,Enso US,UK-South,Operations,Mid-Market,,Check,,Sophia Garcia
TXN-0005324,Customer Payment,2024-11-19,Nov 2024,CUS-784130,Undeposited,Yes,Hooli Corp,4100,Services Revenue,Quarterly true-up,,,,,,USD,1.0,15201.74,0.0,15201.74,15201.74,Enso EU,US-West,R&D,Enterprise,,Check,,Ethan Brown
TXN-0005325,Bill,2024-11-10,Nov 2024,BIL-926978,Open,Yes,Zoom,6200,G&A Expense,Training session,SKU-ENSO-PRO,Enso Pro License,4.32,Each,2367.53,USD,1.0,8617.76,0.0,8617.76,8617.76,Enso EU,US-East,R&D,Mid-Market,Net 30,,,Derrick Cho
TXN-0005326,Vendor Payment,2024-11-21,Nov 2024,VEN-221732,Processed,Yes,Stripe,5000,COGS,Hardware purchase,,,,,,USD,1.0,11441.96,0.0,11441.96,11441.96,Enso UK,EU-Central,Sales,SMB,,Credit Card,,
TXN-0005327,Vendor Payment,2024-11-13,Nov 2024,VEN-942743,Processed,Yes,Cloudflare,6000,Sales & Marketing,Training session,,,,,,USD,1.0,9489.36,0.0,9489.36,9489.36,Enso EU,EU-Central,Sales,SMB,,ACH,,Carlos Ortiz
TXN-0005328,Cash Sale,2024-11-09,Nov 2024,CAS-254595,Paid,Yes,Soylent Inc,4200,Product Revenue,Travel & meals,SKU-ENSO-TEAM,Enso Team License,9.6,Each,337.89,EUR,1.09,24920.74,2180.56,27101.3,27163.61,Enso US,US-West,Operations,Mid-Market,,Wire,,Liam O'Connor
TXN-0005329,Bill,2024-11-03,Nov 2024,BIL-447446,Partially Paid,Yes,KPMG,5000,COGS,Monthly charge,SKU-ENSO-PRO,Enso Pro License,9.47,Each,1748.31,USD,1.0,7450.86,707.83,8158.69,7450.86,Enso EU,UK-South,Sales,Enterprise,Net 45,,,Elena Petrova
TXN-0005330,Vendor Payment,2024-11-15,Nov 2024,VEN-667543,Processed,Yes,Oracle,6000,Sales & Marketing,Inventory receipt,,,,,,USD,1.0,6078.33,0.0,6078.33,6078.33,Enso EU,US-East,Sales,SMB,,Credit Card,,Noah Smith
TXN-0005331,Invoice,2024-11-03,Nov 2024,INV-950418,Partially Paid,Yes,Globex LLC,4200,Product Revenue,Quarterly true-up,SKU-TRNG-01,Admin Training,4.49,Hour,224.78,USD,1.0,8974.19,0.0,8974.19,8974.19,Enso EU,US-East,Finance,Enterprise,Net 15,,,
TXN-0005332,Vendor Payment,2024-11-01,Nov 2024,VEN-418072,Processed,Yes,Fastly,5000,COGS,License renewal,,,,,,USD,1.0,13298.63,0.0,13298.63,13298.63,Enso EU,US-West,Marketing,SMB,,Check,,Carlos Ortiz
TXN-0005333,Vendor Payment,2024-11-20,Nov 2024,VEN-903175,Processed,Yes,AWS,6200,G&A Expense,Training session,,,,,,USD,1.0,5499.79,0.0,5499.79,5499.79,Enso EU,EU-Central,Finance,SMB,,ACH,,Jane Miller
TXN-0005334,Invoice,2024-11-11,Nov 2024,INV-618172,Paid In Full,Yes,Acme LLC,4000,Revenue,Support plan,SKU-ENSO-PRO,Enso Pro License,3.81,Each,512.76,USD,1.0,23380.2,0.0,23380.2,23380.2,Enso EU,US-East,Marketing,Mid-Market,Net 45,,,Marcus Johnson
TXN-0005335,Expense Report,2024-11-14,Nov 2024,EXP-531034,Paid,Yes,Fastly,6100,R&D Expense,Promotion credit,SKU-SUP-PREM,Premium Support,1.0,Month,1772.4,USD,1.0,3120.09,296.41,3416.5,3120.09,Enso UK,UK-South,Sales,Mid-Market,,,,
TXN-0005336,Invoice,2024-11-15,Nov 2024,INV-374329,Paid In Full,Yes,Soylent Partners,4200,Product Revenue,Monthly charge,SKU-SUP-PREM,Premium Support,2.49,Month,72.46,USD,1.0,7441.27,0.0,7441.27,7441.27,Enso US,US-East,Operations,Enterprise,Net 45,,,Derrick Cho
TXN-0005337,Credit Memo,2024-11-17,Nov 2024,CRE-750467,Applied,Yes,Wonka Corp,4200,Product Revenue,Travel & meals,SKU-ENSO-PRO,Enso Pro License,7.39,Each,1415.5,USD,1.0,-8786.73,0.0,-8786.73,-8786.73,Enso UK,US-East,Sales,Internal,,,,Priya Shah
TXN-0005338,Invoice,2024-11-01,Nov 2024,INV-307198,Paid In Full,Yes,Wonka LLC,4200,Product Revenue,Cloud services,SKU-ENSO-PRO,Enso Pro License,4.24,Each,452.14,USD,1.0,23403.62,2047.82,25451.44,23403.62,Enso US,EU-Central,Finance,SMB,Due on Receipt,,,Marcus Johnson
TXN-0005339,Vendor Credit,2024-11-24,Nov 2024,VEN-591289,Open,Yes,Zoom,6000,Sales & Marketing,Monthly charge,SKU-SUP-STD,Standard Support,6.34,Month,1645.42,USD,1.0,-12795.33,0.0,-12795.33,-12795.33,Enso US,US-West,Sales,Internal,,,,Maya Patel
TXN-0005340,Invoice,2024-11-28,Nov 2024,INV-860276,Open,Yes,Soylent LLC,4000,Revenue,Cloud services,SKU-TRNG-01,Admin Training,1.0,Hour,410.73,USD,1.0,3712.7,324.86,4037.56,3712.7,Enso UK,EU-Central,R&D,Internal,Net 15,,,Elena Petrova
TXN-0005341,Bill,2024-11-16,Nov 2024,BIL-528374,Open,Yes,Microsoft,6000,Sales & Marketing,Hardware purchase,SKU-SUP-STD,Standard Support,1.0,Month,353.96,USD,1.0,2598.69,246.88,2845.57,2598.69,Enso US,US-West,Finance,Internal,Net 30,,,Sophia Garcia
TXN-0005342,Item Receipt,2024-11-24,Nov 2024,ITE-434841,Received,Yes,Fastly,1200,Inventory,Inventory receipt,SKU-TRNG-01,Admin Training,2.56,Hour,1312.46,USD,1.0,10762.24,1022.41,11784.65,10762.24,Enso US,UK-South,Sales,SMB,,,,Liam O'Connor
TXN-0005343,Invoice,2024-11-04,Nov 2024,INV-729084,Paid In Full,Yes,Wonka Corp,4000,Revenue,Hardware purchase,SKU-SUP-PREM,Premium Support,5.8,Month,124.07,USD,1.0,11231.95,1067.04,12298.99,11231.95,Enso UK,UK-South,Finance,Mid-Market,Net 30,,,
TXN-0005344,Journal Entry,2024-11-24,Nov 2024,JOU-517144,Posted,Yes,Fastly,4100,Services Revenue,Quarterly true-up,,,,,,USD,1.0,2683.95,0.0,2683.95,2683.95,Enso US,UK-South,Marketing,Enterprise,,,,Elena Petrova
TXN-0005345,Bill,2024-11-03,Nov 2024,BIL-835517,Paid In Full,Yes,Fastly,6000,Sales & Marketing,Cloud services,SKU-SUP-STD,Standard Support,2.15,Month,951.12,USD,1.0,7503.06,712.79,8215.85,7503.06,Enso EU,UK-South,Finance,Internal,Due on Receipt,,,Marcus Johnson
TXN-0005346,Bill,2024-11-15,Nov 2024,BIL-984208,Open,Yes,Accenture,6100,R&D Expense,Quarterly true-up,SKU-ENSO-PRO,Enso Pro License,7.23,Each,1502.7,USD,1.0,4296.95,0.0,4296.95,4296.95,Enso UK,US-East,Finance,Enterprise,Net 45,,,Priya Shah
TXN-0005347,Vendor Credit,2024-11-06,Nov 2024,VEN-992335,Open,Yes,HP,6100,R&D Expense,License renewal,SKU-ENSO-TEAM,Enso Team License,6.27,Each,1181.18,USD,1.0,-12441.35,0.0,-12441.35,-12441.35,Enso UK,EU-Central,Operations,Mid-Market,,,,Jane Miller
TXN-0005348,Customer Payment,2024-11-04,Nov 2024,CUS-473435,Undeposited,Yes,Hooli LLC,4200,Product Revenue,Subscription,,,,,,USD,1.0,15308.05,0.0,15308.05,15308.05,Enso UK,UK-South,Finance,Mid-Market,,Wire,,
TXN-0005349,Bill,2024-11-14,Nov 2024,BIL-662850,Partially Paid,Yes,Dell,5000,COGS,Inventory receipt,SKU-SUP-STD,Standard Support,6.26,Month,1814.31,USD,1.0,10869.02,1032.56,11901.58,10869.02,Enso EU,EU-Central,R&D,SMB,Due on Receipt,,,
TXN-0005350,Invoice,2024-11-06,Nov 2024,INV-747797,Open,Yes,Cyberdyne Inc,4000,Revenue,License renewal,SKU-SUP-STD,Standard Support,2.38,Month,945.04,USD,1.0,11249.71,562.49,11812.2,11249.71,Enso EU,EU-Central,Marketing,Internal,Net 15,,,Jane Miller
TXN-0005351,Journal Entry,2024-11-07,Nov 2024,JOU-285171,Approved,Yes,Dell,1200,Inventory,Support plan,,,,,,USD,1.0,43458.94,0.0,43458.94,43458.94,Enso EU,US-East,Operations,Mid-Market,,,,
TXN-0005352,Customer Payment,2024-11-07,Nov 2024,CUS-988219,Deposited,Yes,Globex LLC,4200,Product Revenue,Consulting services,,,,,,USD,1.0,12577.31,0.0,12577.31,12577.31,Enso US,UK-South,HR,Internal,,Credit Card,,Derrick Cho
TXN-0005353,Expense Report,2024-11-25,Nov 2024,EXP-713365,Paid,Yes,Cloudflare,5000,COGS,Cloud services,SKU-SUP-STD,Standard Support,9.0,Month,260.29,USD,1.0,12820.07,641.0,13461.07,12820.07,Enso UK,UK-South,Marketing,SMB,,,,
TXN-0005354,Item Receipt,2024-11-09,Nov 2024,ITE-581359,Received,Yes,Deloitte,1200,Inventory,Subscription,SKU-TRNG-01,Admin Training,2.22,Hour,951.32,USD,1.0,14717.97,1287.82,16005.79,14717.97,Enso US,UK-South,Sales,Internal,,,,Sophia Garcia
TXN-0005355,Invoice,2024-11-04,Nov 2024,INV-694714,Partially Paid,Yes,Massive Dynamic Partners,4000,Revenue,Monthly charge,SKU-TRNG-01,Admin Training,8.24,Hour,1378.71,USD,1.0,12674.07,0.0,12674.07,12674.07,Enso UK,US-East,HR,SMB,Due on Receipt,,,Derrick Cho
TXN-0005356,Bill,2024-11-29,Nov 2024,BIL-269115,Partially Paid,Yes,AWS,6000,Sales & Marketing,Inventory receipt,SKU-TRNG-01,Admin Training,7.17,Hour,252.03,USD,1.0,11038.07,0.0,11038.07,11038.07,Enso US,US-West,R&D,Enterprise,Net 15,,,Amelia Wong
TXN-0005357,Item Receipt,2024-11-25,Nov 2024,ITE-267582,Received,Yes,Google Cloud,1200,Inventory,Promotion credit,SKU-SUP-PREM,Premium Support,8.1,Month,692.71,USD,1.0,8608.5,753.24,9361.74,8608.5,Enso EU,UK-South,Marketing,Enterprise,,,,Amelia Wong
TXN-0005358,Bank Deposit,2024-11-08,Nov 2024,BAN-468918,Deposited,Yes,Cloudflare,2100,Accrued Expenses,Hardware purchase,,,,,,EUR,1.09,26067.58,0.0,26067.58,28413.66,Enso US,EU-Central,Sales,Mid-Market,,Check,,Maya Patel
TXN-0005359,Credit Memo,2024-11-05,Nov 2024,CRE-861123,Open,Yes,Soylent Partners,4100,Services Revenue,Hardware purchase,SKU-TRNG-01,Admin Training,11.56,Hour,127.01,USD,1.0,-21371.63,0.0,-21371.63,-21371.63,Enso EU,US-East,Operations,Mid-Market,,,,
TXN-0005360,Bill,2024-11-06,Nov 2024,BIL-119285,Open,Yes,Deloitte,6100,R&D Expense,Promotion credit,SKU-TRNG-01,Admin Training,3.55,Hour,897.95,USD,1.0,12260.69,613.03,12873.72,12260.69,Enso US,US-West,Marketing,Internal,Due on Receipt,,,Derrick Cho
TXN-0005361,Vendor Credit,2024-11-06,Nov 2024,VEN-384152,Applied,Yes,Deloitte,6000,Sales & Marketing,Promotion credit,SKU-TRNG-01,Admin Training,1.0,Hour,1560.62,USD,1.0,-7303.19,0.0,-7303.19,-7303.19,Enso EU,US-East,Marketing,SMB,,,,Amelia Wong
TXN-0005362,Vendor Payment,2024-11-18,Nov 2024,VEN-813376,Processed,Yes,Cloudflare,5000,COGS,Training session,,,,,,USD,1.0,7679.11,0.0,7679.11,7679.11,Enso EU,US-East,HR,Enterprise,,Check,,Marcus Johnson
TXN-0005363,Credit Memo,2024-11-07,Nov 2024,CRE-515404,Applied,Yes,Globex Partners,4000,Revenue,Hardware purchase,SKU-SUP-STD,Standard Support,6.46,Month,1680.29,EUR,1.09,-24077.52,0.0,-24077.52,-26244.5,Enso US,EU-Central,Sales,Mid-Market,,,,Maya Patel
TXN-0005364,Bill,2024-11-27,Nov 2024,BIL-437858,Partially Paid,Yes,HP,5000,COGS,Support plan,SKU-SUP-PREM,Premium Support,4.45,Month,347.71,USD,1.0,14325.8,1253.51,15579.31,14325.8,Enso EU,EU-Central,Marketing,Enterprise,Net 30,,,Derrick Cho
TXN-0005365,Expense Report,2024-11-08,Nov 2024,EXP-957677,Approved,Yes,KPMG,5000,COGS,Inventory receipt,SKU-SUP-STD,Standard Support,4.18,Month,616.59,USD,1.0,12513.62,0.0,12513.62,12513.62,Enso EU,EU-Central,Marketing,Internal,,,,Jane Miller
TXN-0005366,Transfer,2024-11-21,Nov 2024,TRA-955427,Completed,Yes,Oracle,1000,Checking,Monthly charge,,,,,,USD,1.0,30905.76,0.0,30905.76,30905.76,Enso UK,US-West,HR,Internal,,,,
TXN-0005367,Invoice,2024-11-27,Nov 2024,INV-807702,Partially Paid,Yes,Vehement Corp,4200,Product Revenue,Monthly charge,SKU-SUP-STD,Standard Support,10.48,Month,1392.58,USD,1.0,23739.69,2077.22,25816.91,23739.69,Enso US,EU-Central,R&D,SMB,Net 30,,,Jane Miller
TXN-0005368,Invoice,2024-11-01,Nov 2024,INV-200729,Open,Yes,Massive Dynamic Partners,4000,Revenue,Inventory receipt,SKU-ENSO-PRO,Enso Pro License,2.89,Each,1194.9,USD,1.0,19932.71,1744.11,21676.82,19932.71,Enso UK,EU-Central,Sales,Enterprise,Net 45,,,Ethan Brown
TXN-0005369,Invoice,2024-11-13,Nov 2024,INV-122848,Open,Yes,Hooli Inc,4000,Revenue,License renewal,SKU-ENSO-PRO,Enso Pro License,3.65,Each,1370.28,USD,1.0,19825.6,1734.74,21560.34,19825.6,Enso US,US-East,HR,SMB,Due on Receipt,,,Carlos Ortiz
TXN-0005370,Invoice,2024-11-15,Nov 2024,INV-382496,Paid In Full,Yes,Pied Piper Partners,4200,Product Revenue,Consulting services,SKU-TRNG-01,Admin Training,5.73,Hour,209.18,USD,1.0,12642.18,1201.01,13843.19,12642.18,Enso EU,EU-Central,Operations,Enterprise,Due on Receipt,,,Maya Patel
TXN-0005371,Cash Sale,2024-11-19,Nov 2024,CAS-905500,Paid,Yes,Soylent Inc,4200,Product Revenue,Inventory receipt,SKU-TRNG-01,Admin Training,6.53,Hour,1385.04,USD,1.0,22835.71,1141.79,23977.5,22835.71,Enso US,US-East,HR,Internal,,Credit Card,,Elena Petrova
TXN-0005372,Invoice,2024-11-27,Nov 2024,INV-318853,Paid In Full,Yes,Wonka LLC,4200,Product Revenue,Cloud services,SKU-TRNG-01,Admin Training,9.54,Hour,1635.41,USD,1.0,20357.58,1933.97,22291.55,20357.58,Enso EU,UK-South,R&D,SMB,Due on Receipt,,,Carlos Ortiz
TXN-0005373,Customer Payment,2024-11-27,Nov 2024,CUS-254475,Deposited,Yes,Cyberdyne Corp,4200,Product Revenue,Consulting services,,,,,,USD,1.0,2322.75,0.0,2322.75,2322.75,Enso EU,US-East,Finance,Mid-Market,,ACH,,Priya Shah
TXN-0005374,Vendor Credit,2024-11-11,Nov 2024,VEN-524144,Open,Yes,Google Cloud,6100,R&D Expense,Cloud services,SKU-ENSO-TEAM,Enso Team License,6.16,Each,903.81,USD,1.0,-4949.47,0.0,-4949.47,-4949.47,Enso UK,US-East,R&D,Internal,,,,Sophia Garcia
TXN-0005375,Bill,2024-11-24,Nov 2024,BIL-501589,Partially Paid,Yes,Cloudflare,6000,Sales & Marketing,Cloud services,SKU-SUP-STD,Standard Support,3.33,Month,166.64,USD,1.0,5285.0,0.0,5285.0,5285.0,Enso UK,US-East,Sales,Internal,Net 15,,,Priya Shah
TXN-0005376,Journal Entry,2024-11-30,Nov 2024,JOU-636447,Posted,Yes,Microsoft,4000,Revenue,Inventory receipt,,,,,,USD,1.0,3194.07,0.0,3194.07,3194.07,Enso EU,US-West,R&D,Mid-Market,,,,Ethan Brown
TXN-0005377,Invoice,2024-11-13,Nov 2024,INV-827370,Open,Yes,Vehement Inc,4000,Revenue,Subscription,SKU-TRNG-01,Admin Training,8.33,Hour,593.82,USD,1.0,11208.1,560.41,11768.51,11208.1,Enso EU,US-West,Operations,SMB,Net 45,,,Jane Miller
TXN-0005378,Customer Payment,2024-11-01,Nov 2024,CUS-602482,Deposited,Yes,Acme Corp,4000,Revenue,Hardware purchase,,,,,,USD,1.0,19502.3,0.0,19502.3,19502.3,Enso US,US-East,Operations,Enterprise,,ACH,,Jane Miller
TXN-0005379,Customer Payment,2024-11-16,Nov 2024,CUS-261436,Undeposited,Yes,Tyrell Partners,4200,Product Revenue,Inventory receipt,,,,,,USD,1.0,11717.19,0.0,11717.19,11717.19,Enso EU,US-East,Sales,Enterprise,,Credit Card,,Derrick Cho
TXN-0005380,Bill,2024-11-25,Nov 2024,BIL-985644,Partially Paid,Yes,Cisco,6100,R&D Expense,Support plan,SKU-ENSO-TEAM,Enso Team License,6.22,Each,796.17,USD,1.0,7496.4,0.0,7496.4,7496.4,Enso UK,US-East,Sales,Enterprise,Net 30,,,Amelia Wong
TXN-0005381,Customer Payment,2024-11-25,Nov 2024,CUS-793849,Undeposited,Yes,Hooli Partners,4200,Product Revenue,Support plan,,,,,,USD,1.0,4544.94,0.0,4544.94,4544.94,Enso UK,EU-Central,HR,SMB,,Wire,,Liam O'Connor
TXN-0005382,Journal Entry,2024-11-23,Nov 2024,JOU-548926,Approved,Yes,Salesforce,6100,R&D Expense,Training session,,,,,,USD,1.0,16243.11,0.0,16243.11,16243.11,Enso EU,US-West,Operations,Mid-Market,,,,Ethan Brown
TXN-0005383,Journal Entry,2024-11-26,Nov 2024,JOU-109080,Posted,Yes,Google Cloud,5000,COGS,Promotion credit,,,,,,USD,1.0,7871.0,0.0,7871.0,7871.0,Enso EU,US-East,Sales,SMB,,,,Ethan Brown
TXN-0005384,Customer Payment,2024-11-17,Nov 2024,CUS-524766,Deposited,Yes,Cyberdyne Inc,4100,Services Revenue,License renewal,,,,,,USD,1.0,12704.93,0.0,12704.93,12704.93,Enso US,US-West,Sales,SMB,,Check,,Noah Smith
TXN-0005385,Bill,2024-11-07,Nov 2024,BIL-986324,Paid In Full,Yes,Oracle,6000,Sales & Marketing,Inventory receipt,SKU-SUP-STD,Standard Support,1.72,Month,1870.1,USD,1.0,1020.15,89.26,1109.41,1020.15,Enso UK,EU-Central,Sales,Internal,Due on Receipt,,,Sophia Garcia
TXN-0005386,Item Receipt,2024-11-17,Nov 2024,ITE-584887,Received,Yes,Stripe,1200,Inventory,Hardware purchase,SKU-SUP-PREM,Premium Support,5.91,Month,1274.4,EUR,1.09,17485.74,1661.15,19146.89,19059.46,Enso US,US-East,HR,Enterprise,,,,
TXN-0005387,Journal Entry,2024-11-24,Nov 2024,JOU-178172,Approved,Yes,Deloitte,6100,R&D Expense,Travel & meals,,,,,,USD,1.0,49523.26,0.0,49523.26,49523.26,Enso US,UK-South,HR,Internal,,,,Amelia Wong
TXN-0005388,Item Receipt,2024-11-07,Nov 2024,ITE-223932,Received,Yes,Deloitte,1200,Inventory,Travel & meals,SKU-TRNG-01,Admin Training,1.72,Hour,1535.36,USD,1.0,8337.11,416.86,8753.97,8337.11,Enso US,EU-Central,Operations,Mid-Market,,,,Marcus Johnson
TXN-0005389,Invoice,2024-11-01,Nov 2024,INV-956654,Paid In Full,Yes,Soylent Corp,4200,Product Revenue,Subscription,SKU-SUP-STD,Standard Support,7.44,Month,1517.8,USD,1.0,696.09,60.91,757.0,696.09,Enso UK,EU-Central,Finance,SMB,Net 15,,,Derrick Cho
TXN-0005390,Vendor Payment,2024-11-05,Nov 2024,VEN-683587,Processed,Yes,Zoom,6000,Sales & Marketing,Promotion credit,,,,,,USD,1.0,14096.75,0.0,14096.75,14096.75,Enso EU,US-West,Sales,Internal,,Wire,,Sophia Garcia
TXN-0005391,Item Receipt,2024-11-22,Nov 2024,ITE-682641,Received,Yes,Microsoft,1200,Inventory,Support plan,SKU-TRNG-01,Admin Training,5.61,Hour,303.07,USD,1.0,9938.55,944.16,10882.71,9938.55,Enso UK,US-West,Sales,Mid-Market,,,,
TXN-0005392,Invoice,2024-11-20,Nov 2024,INV-569446,Paid In Full,Yes,Acme LLC,4100,Services Revenue,Support plan,SKU-SUP-STD,Standard Support,8.54,Month,2434.2,USD,1.0,24478.79,1223.94,25702.73,24478.79,Enso US,EU-Central,Sales,Mid-Market,Net 45,,,Noah Smith
TXN-0005393,Invoice,2024-11-18,Nov 2024,INV-968482,Partially Paid,Yes,Pied Piper LLC,4100,Services Revenue,Quarterly true-up,SKU-SUP-STD,Standard Support,6.02,Month,1033.26,USD,1.0,18578.52,0.0,18578.52,18578.52,Enso EU,EU-Central,R&D,SMB,Due on Receipt,,,Ethan Brown
TXN-0005394,Customer Payment,2024-11-22,Nov 2024,CUS-304141,Deposited,Yes,Stark LLC,4200,Product Revenue,Consulting services,,,,,,USD,1.0,6079.2,0.0,6079.2,6079.2,Enso UK,US-East,Sales,Enterprise,,Credit Card,,
TXN-0005395,Customer Payment,2024-11-23,Nov 2024,CUS-422547,Undeposited,Yes,Pied Piper LLC,4200,Product Revenue,Promotion credit,,,,,,USD,1.0,4010.4,0.0,4010.4,4010.4,Enso UK,EU-Central,Sales,Enterprise,,ACH,,
TXN-0005396,Vendor Payment,2024-11-09,Nov 2024,VEN-611412,Processed,Yes,Salesforce,6000,Sales & Marketing,Promotion credit,,,,,,USD,1.0,13783.4,0.0,13783.4,13783.4,Enso EU,US-East,R&D,SMB,,Credit Card,,
TXN-0005397,Credit Memo,2024-11-13,Nov 2024,CRE-702757,Applied,Yes,Hooli LLC,4200,Product Revenue,Support plan,SKU-SUP-PREM,Premium Support,5.65,Month,1719.5,USD,1.0,-16598.69,0.0,-16598.69,-16598.69,Enso UK,EU-Central,HR,Mid-Market,,,,
TXN-0005398,Item Receipt,2024-11-05,Nov 2024,ITE-363627,Received,Yes,Fastly,1200,Inventory,Support plan,SKU-ENSO-PRO,Enso Pro License,1.0,Each,1534.42,USD,1.0,13918.68,1322.27,15240.95,13918.68,Enso UK,EU-Central,HR,Enterprise,,,,Sophia Garcia
TXN-0005399,Credit Memo,2024-11-27,Nov 2024,CRE-917085,Open,Yes,Soylent Corp,4100,Services Revenue,Hardware purchase,SKU-SUP-PREM,Premium Support,1.0,Month,1151.2,USD,1.0,-7970.21,0.0,-7970.21,-7970.21,Enso EU,EU-Central,Sales,Mid-Market,,,,Priya Shah
TXN-0005400,Journal Entry,2024-11-05,Nov 2024,JOU-398284,Posted,Yes,Salesforce,5000,COGS,Consulting services,,,,,,USD,1.0,17672.81,0.0,17672.81,17672.81,Enso UK,UK-South,HR,SMB,,,,Carlos Ortiz
TXN-0005401,Cash Sale,2024-11-15,Nov 2024,CAS-165054,Paid,Yes,Wayne Partners,4200,Product Revenue,Promotion credit,SKU-TRNG-01,Admin Training,7.09,Hour,1027.38,GBP,1.27,17313.13,0.0,17313.13,21987.68,Enso US,UK-South,HR,Internal,,Credit Card,,Marcus Johnson
TXN-0005402,Invoice,2024-11-24,Nov 2024,INV-563106,Partially Paid,Yes,Wayne Partners,4200,Product Revenue,License renewal,SKU-ENSO-TEAM,Enso Team License,8.2,Each,1994.15,USD,1.0,18686.29,934.31,19620.6,18686.29,Enso EU,UK-South,Finance,SMB,Net 15,,,Ethan Brown
TXN-0005403,Invoice,2024-11-05,Nov 2024,INV-971149,Paid In Full,Yes,Stark Corp,4200,Product Revenue,Consulting services,SKU-SUP-PREM,Premium Support,11.09,Month,1945.76,GBP,1.27,9004.66,855.44,9860.1,11435.92,Enso EU,US-West,Sales,Internal,Due on Receipt,,,Maya Patel
TXN-0005404,Bill,2024-11-11,Nov 2024,BIL-926248,Paid In Full,Yes,KPMG,6000,Sales & Marketing,License renewal,SKU-TRNG-01,Admin Training,5.62,Hour,286.15,USD,1.0,7013.73,613.7,7627.43,7013.73,Enso UK,UK-South,HR,Internal,Net 30,,,Elena Petrova
TXN-0005405,Transfer,2024-11-07,Nov 2024,TRA-880789,Completed,Yes,Deloitte,4100,Services Revenue,Subscription,,,,,,EUR,1.09,24591.98,0.0,24591.98,26805.26,Enso EU,EU-Central,Finance,Internal,,,,Liam O'Connor
TXN-0005406,Invoice,2024-11-27,Nov 2024,INV-555846,Paid In Full,Yes,Wonka LLC,4100,Services Revenue,Subscription,SKU-ENSO-PRO,Enso Pro License,1.61,Each,1511.08,GBP,1.27,5761.52,0.0,5761.52,7317.13,Enso US,US-East,R&D,SMB,Net 15,,,
TXN-0005407,Transfer,2024-11-02,Nov 2024,TRA-608672,Completed,Yes,Fastly,4100,Services Revenue,Training session,,,,,,USD,1.0,6445.8,0.0,6445.8,6445.8,Enso UK,US-East,Operations,SMB,,,,Derrick Cho
TXN-0005408,Credit Memo,2024-11-28,Nov 2024,CRE-839992,Applied,Yes,Vehement Corp,4100,Services Revenue,Inventory receipt,SKU-SUP-PREM,Premium Support,5.03,Month,1106.84,EUR,1.09,-5767.94,0.0,-5767.94,-6287.05,Enso EU,US-West,HR,Internal,,,,Derrick Cho
TXN-0005409,Bill,2024-11-06,Nov 2024,BIL-434655,Partially Paid,Yes,Microsoft,6200,G&A Expense,Travel & meals,SKU-SUP-STD,Standard Support,3.83,Month,399.78,USD,1.0,9709.43,0.0,9709.43,9709.43,Enso EU,US-West,Finance,Mid-Market,Net 45,,,Sophia Garcia
TXN-0005410,Invoice,2024-11-14,Nov 2024,INV-909216,Partially Paid,Yes,Soylent Inc,4200,Product Revenue,Travel & meals,SKU-SUP-STD,Standard Support,5.61,Month,1074.06,USD,1.0,11647.71,1106.53,12754.24,11647.71,Enso EU,US-East,Finance,Internal,Net 30,,,
TXN-0005411,Vendor Payment,2024-11-01,Nov 2024,VEN-645893,Processed,Yes,Cisco,6200,G&A Expense,License renewal,,,,,,GBP,1.27,7538.3,0.0,7538.3,9573.64,Enso US,UK-South,Marketing,Mid-Market,,ACH,,Jane Miller
TXN-0005412,Bill,2024-11-27,Nov 2024,BIL-452544,Partially Paid,Yes,HP,6100,R&D Expense,Quarterly true-up,SKU-ENSO-TEAM,Enso Team License,5.74,Each,352.54,USD,1.0,3955.16,346.08,4301.24,3955.16,Enso UK,EU-Central,Sales,Internal,Net 45,,,
TXN-0005413,Item Receipt,2024-11-16,Nov 2024,ITE-132703,Received,Yes,Deloitte,1200,Inventory,License renewal,SKU-SUP-PREM,Premium Support,3.13,Month,565.35,USD,1.0,10861.95,0.0,10861.95,10861.95,Enso UK,US-West,HR,Mid-Market,,,,Marcus Johnson
TXN-0005414,Cash Sale,2024-11-09,Nov 2024,CAS-814513,Paid,Yes,Umbrella Corp,4200,Product Revenue,Monthly charge,SKU-SUP-PREM,Premium Support,3.23,Month,510.66,USD,1.0,13019.94,651.0,13670.94,13019.94,Enso EU,UK-South,R&D,Mid-Market,,Check,,Liam O'Connor
TXN-0005415,Journal Entry,2024-11-01,Nov 2024,JOU-173451,Approved,Yes,Fastly,1000,Checking,Monthly charge,,,,,,USD,1.0,38017.03,0.0,38017.03,38017.03,Enso US,US-West,HR,SMB,,,,Liam O'Connor
TXN-0005416,Transfer,2024-11-21,Nov 2024,TRA-460435,Completed,Yes,Dell,5200,Merchant Fees,Inventory receipt,,,,,,USD,1.0,1947.48,0.0,1947.48,1947.48,Enso US,EU-Central,Marketing,Enterprise,,,,Jane Miller
TXN-0005417,Credit Memo,2024-11-08,Nov 2024,CRE-933582,Applied,Yes,Tyrell LLC,4000,Revenue,Training session,SKU-ENSO-TEAM,Enso Team License,5.55,Each,808.84,USD,1.0,-15202.1,0.0,-15202.1,-15202.1,Enso US,US-East,HR,Mid-Market,,,,Derrick Cho
TXN-0005418,Invoice,2024-11-05,Nov 2024,INV-540270,Paid In Full,Yes,Tyrell LLC,4000,Revenue,Inventory receipt,SKU-ENSO-PRO,Enso Pro License,6.04,Each,969.83,USD,1.0,5251.48,459.5,5710.98,5251.48,Enso EU,EU-Central,Marketing,SMB,Net 15,,,Sophia Garcia
TXN-0005419,Invoice,2024-11-16,Nov 2024,INV-756298,Partially Paid,Yes,Pied Piper Corp,4000,Revenue,Consulting services,SKU-ENSO-PRO,Enso Pro License,1.0,Each,642.31,USD,1.0,9671.71,846.27,10517.98,9671.71,Enso EU,US-East,Operations,Enterprise,Net 30,,,Carlos Ortiz
TXN-0005420,Invoice,2024-11-25,Nov 2024,INV-243710,Open,Yes,Massive Dynamic Inc,4100,Services Revenue,Quarterly true-up,SKU-ENSO-TEAM,Enso Team License,2.74,Each,1987.75,USD,1.0,23529.52,1176.48,24706.0,23529.52,Enso EU,US-West,R&D,Internal,Due on Receipt,,,
TXN-0005421,Vendor Payment,2024-11-24,Nov 2024,VEN-846470,Processed,Yes,KPMG,6000,Sales & Marketing,Monthly charge,,,,,,USD,1.0,8893.78,0.0,8893.78,8893.78,Enso US,US-West,Sales,Internal,,Check,,Elena Petrova
TXN-0005422,Transfer,2024-11-06,Nov 2024,TRA-576909,Completed,Yes,Cisco,4200,Product Revenue,Travel & meals,,,,,,USD,1.0,12189.83,0.0,12189.83,12189.83,Enso EU,UK-South,Finance,Mid-Market,,,,Priya Shah
TXN-0005423,Vendor Payment,2024-11-18,Nov 2024,VEN-613994,Processed,Yes,KPMG,6100,R&D Expense,Promotion credit,,,,,,USD,1.0,8604.11,0.0,8604.11,8604.11,Enso US,EU-Central,Operations,Enterprise,,Credit Card,,Amelia Wong
TXN-0005424,Journal Entry,2024-11-29,Nov 2024,JOU-150837,Approved,Yes,Google Cloud,5100,Freight Out,Cloud services,,,,,,EUR,1.09,21461.41,0.0,21461.41,23392.94,Enso UK,EU-Central,HR,Internal,,,,Noah Smith
TXN-0005425,Bill,2024-11-07,Nov 2024,BIL-590995,Open,Yes,Dell,6100,R&D Expense,Cloud services,SKU-SUP-PREM,Premium Support,6.19,Month,1064.47,USD,1.0,5202.0,455.17,5657.17,5202.0,Enso EU,UK-South,R&D,Internal,Net 30,,,Noah Smith
TXN-0005426,Customer Payment,2024-11-06,Nov 2024,CUS-435580,Undeposited,Yes,Cyberdyne LLC,4100,Services Revenue,Quarterly true-up,,,,,,USD,1.0,4587.08,0.0,4587.08,4587.08,Enso UK,US-West,R&D,SMB,,Credit Card,,Priya Shah
TXN-0005427,Bill,2024-11-06,Nov 2024,BIL-816300,Paid In Full,Yes,HP,6200,G&A Expense,Promotion credit,SKU-SUP-STD,Standard Support,4.31,Month,202.79,USD,1.0,7306.63,694.13,8000.76,7306.63,Enso UK,US-East,R&D,Mid-Market,Net 45,,,Jane Miller
TXN-0005428,Bill,2024-11-03,Nov 2024,BIL-776503,Paid In Full,Yes,Dell,5000,COGS,Promotion credit,SKU-SUP-PREM,Premium Support,1.0,Month,907.7,USD,1.0,1357.16,128.93,1486.09,1357.16,Enso UK,UK-South,R&D,Mid-Market,Due on Receipt,,,
TXN-0005429,Bill,2024-11-12,Nov 2024,BIL-330289,Paid In Full,Yes,Stripe,6000,Sales & Marketing,Inventory receipt,SKU-TRNG-01,Admin Training,3.89,Hour,1141.78,EUR,1.09,8035.37,703.09,8738.46,8758.55,Enso US,US-West,Finance,Mid-Market,Net 30,,,Maya Patel
TXN-0005430,Invoice,2024-11-05,Nov 2024,INV-172959,Partially Paid,Yes,Acme LLC,4100,Services Revenue,Training session,SKU-SUP-STD,Standard Support,9.22,Month,1729.86,EUR,1.09,16900.63,1605.56,18506.19,18421.69,Enso EU,US-West,R&D,Mid-Market,Net 15,,,
TXN-0005431,Expense Report,2024-11-03,Nov 2024,EXP-452993,Approved,Yes,Oracle,5000,COGS,Training session,SKU-SUP-STD,Standard Support,7.92,Month,1244.59,USD,1.0,5181.49,492.24,5673.73,5181.49,Enso UK,UK-South,R&D,SMB,,,,Derrick Cho
TXN-0005432,Item Receipt,2024-11-01,Nov 2024,ITE-651743,Received,Yes,Dell,1200,Inventory,Quarterly true-up,SKU-ENSO-PRO,Enso Pro License,4.62,Each,733.98,USD,1.0,9880.62,938.66,10819.28,9880.62,Enso EU,US-East,HR,Mid-Market,,,,Jane Miller
TXN-0005433,Item Receipt,2024-11-15,Nov 2024,ITE-154625,Received,Yes,KPMG,1200,Inventory,Cloud services,SKU-TRNG-01,Admin Training,8.74,Hour,917.2,USD,1.0,13534.47,1285.77,14820.24,13534.47,Enso EU,UK-South,Operations,Enterprise,,,,
TXN-0005434,Bill,2024-11-11,Nov 2024,BIL-972888,Partially Paid,Yes,Cloudflare,6000,Sales & Marketing,Subscription,SKU-SUP-PREM,Premium Support,1.76,Month,455.35,USD,1.0,7201.65,630.14,7831.79,7201.65,Enso UK,US-West,Finance,SMB,Net 30,,,
TXN-0005435,Journal Entry,2024-11-19,Nov 2024,JOU-917059,Posted,Yes,Fastly,6000,Sales & Marketing,Training session,,,,,,USD,1.0,31684.33,0.0,31684.33,31684.33,Enso UK,EU-Central,HR,SMB,,,,
TXN-0005436,Cash Sale,2024-11-27,Nov 2024,CAS-569679,Paid,Yes,Umbrella LLC,4000,Revenue,Travel & meals,SKU-ENSO-PRO,Enso Pro License,7.06,Each,1345.41,USD,1.0,2180.94,0.0,2180.94,2180.94,Enso EU,US-West,Operations,Enterprise,,Credit Card,,Liam O'Connor
TXN-0005437,Item Receipt,2024-11-07,Nov 2024,ITE-650084,Received,Yes,Cloudflare,1200,Inventory,Training session,SKU-SUP-STD,Standard Support,6.0,Month,3420.9,USD,1.0,824.45,78.32,902.77,824.45,Enso EU,EU-Central,Finance,Internal,,,,Carlos Ortiz
TXN-0005438,Bank Deposit,2024-11-08,Nov 2024,BAN-440817,Deposited,Yes,Cloudflare,3000,Equity,Monthly charge,,,,,,USD,1.0,32091.08,0.0,32091.08,32091.08,Enso UK,UK-South,Sales,Internal,,ACH,,Carlos Ortiz
TXN-0005439,Cash Sale,2024-11-02,Nov 2024,CAS-767774,Paid,Yes,Cyberdyne Corp,4100,Services Revenue,Hardware purchase,SKU-TRNG-01,Admin Training,12.17,Hour,1961.48,USD,1.0,19736.33,986.82,20723.15,19736.33,Enso UK,UK-South,Operations,SMB,,Wire,,Priya Shah
TXN-0005440,Credit Memo,2024-11-06,Nov 2024,CRE-670688,Applied,Yes,Massive Dynamic Inc,4100,Services Revenue,Consulting services,SKU-SUP-PREM,Premium Support,5.56,Month,393.6,USD,1.0,-21803.03,0.0,-21803.03,-21803.03,Enso EU,EU-Central,Marketing,Mid-Market,,,,Noah Smith
TXN-0005441,Credit Memo,2024-11-17,Nov 2024,CRE-223121,Open,Yes,Hooli Corp,4100,Services Revenue,Monthly charge,SKU-ENSO-TEAM,Enso Team License,4.46,Each,2530.83,USD,1.0,-14999.24,0.0,-14999.24,-14999.24,Enso EU,US-West,R&D,Mid-Market,,,,Noah Smith
TXN-0005442,Journal Entry,2024-11-13,Nov 2024,JOU-352103,Posted,Yes,Accenture,6100,R&D Expense,Travel & meals,,,,,,USD,1.0,19744.05,0.0,19744.05,19744.05,Enso EU,US-West,Operations,Mid-Market,,,,Noah Smith
TXN-0005443,Expense Report,2024-11-27,Nov 2024,EXP-308140,Pending Approval,Yes,Microsoft,6100,R&D Expense,Consulting services,SKU-TRNG-01,Admin Training,3.56,Hour,1116.49,USD,1.0,12767.33,1212.9,13980.23,12767.33,Enso US,EU-Central,R&D,Mid-Market,,,,Jane Miller
TXN-0005444,Expense Report,2024-11-10,Nov 2024,EXP-487319,Paid,Yes,Cisco,5000,COGS,Promotion credit,SKU-TRNG-01,Admin Training,8.07,Hour,1193.67,GBP,1.27,11217.66,0.0,11217.66,14246.43,Enso UK,UK-South,HR,Mid-Market,,,,
TXN-0005445,Invoice,2024-11-03,Nov 2024,INV-257962,Paid In Full,Yes,Globex Inc,4000,Revenue,Hardware purchase,SKU-SUP-STD,Standard Support,1.0,Month,712.3,USD,1.0,11666.05,583.3,12249.35,11666.05,Enso UK,US-East,Marketing,SMB,Net 30,,,
TXN-0005446,Expense Report,2024-11-28,Nov 2024,EXP-182785,Pending Approval,Yes,Microsoft,6000,Sales & Marketing,Inventory receipt,SKU-ENSO-TEAM,Enso Team License,2.55,Each,1863.66,USD,1.0,14288.93,1250.28,15539.21,14288.93,Enso UK,EU-Central,R&D,Mid-Market,,,,
TXN-0005447,Cash Sale,2024-11-08,Nov 2024,CAS-926970,Paid,Yes,Stark Partners,4100,Services Revenue,Travel & meals,SKU-SUP-STD,Standard Support,11.1,Month,1502.71,GBP,1.27,8814.0,771.22,9585.22,11193.78,Enso US,US-East,HR,Internal,,Wire,,Priya Shah
TXN-0005448,Invoice,2024-11-25,Nov 2024,INV-677087,Paid In Full,Yes,Tyrell Partners,4000,Revenue,Subscription,SKU-ENSO-TEAM,Enso Team License,5.49,Each,2211.22,USD,1.0,18785.82,0.0,18785.82,18785.82,Enso EU,EU-Central,Finance,Enterprise,Due on Receipt,,,Ethan Brown
TXN-0005449,Item Receipt,2024-11-09,Nov 2024,ITE-196488,Received,Yes,Fastly,1200,Inventory,Subscription,SKU-ENSO-TEAM,Enso Team License,4.89,Each,1165.44,USD,1.0,3370.32,0.0,3370.32,3370.32,Enso US,EU-Central,Marketing,Internal,,,,Elena Petrova
TXN-0005450,Customer Payment,2024-11-15,Nov 2024,CUS-749127,Undeposited,Yes,Wonka Inc,4200,Product Revenue,Hardware purchase,,,,,,USD,1.0,17391.13,0.0,17391.13,17391.13,Enso UK,US-East,Operations,Internal,,ACH,,Ethan Brown
TXN-0005451,Invoice,2024-11-07,Nov 2024,INV-407780,Paid In Full,Yes,Vehement Inc,4000,Revenue,Support plan,SKU-SUP-STD,Standard Support,1.4,Month,555.13,USD,1.0,21158.8,1851.39,23010.19,21158.8,Enso UK,US-West,Operations,Enterprise,Net 45,,,
TXN-0005452,Transfer,2024-11-23,Nov 2024,TRA-696687,Completed,Yes,Salesforce,4000,Revenue,Subscription,,,,,,USD,1.0,36140.71,0.0,36140.71,36140.71,Enso EU,US-West,R&D,Enterprise,,,,Derrick Cho
TXN-0005453,Bill,2024-11-19,Nov 2024,BIL-385993,Paid In Full,Yes,HP,6200,G&A Expense,Consulting services,SKU-SUP-PREM,Premium Support,4.57,Month,1623.91,USD,1.0,7048.85,352.44,7401.29,7048.85,Enso UK,UK-South,Marketing,Enterprise,Net 30,,,
TXN-0005454,Invoice,2024-11-04,Nov 2024,INV-805616,Open,Yes,Massive Dynamic Partners,4100,Services Revenue,Quarterly true-up,SKU-SUP-PREM,Premium Support,1.0,Month,416.8,USD,1.0,20184.93,1009.25,21194.18,20184.93,Enso US,EU-Central,Sales,Internal,Due on Receipt,,,Priya Shah
TXN-0005455,Expense Report,2024-11-10,Nov 2024,EXP-183529,Pending Approval,Yes,Fastly,5000,COGS,Subscription,SKU-TRNG-01,Admin Training,2.62,Hour,2419.2,EUR,1.09,6152.86,584.52,6737.38,6706.62,Enso US,EU-Central,Sales,Internal,,,,Elena Petrova
TXN-0005456,Journal Entry,2024-11-20,Nov 2024,JOU-995789,Posted,Yes,Zoom,4100,Services Revenue,Subscription,,,,,,USD,1.0,48756.96,0.0,48756.96,48756.96,Enso EU,US-West,R&D,Internal,,,,Marcus Johnson
TXN-0005457,Customer Payment,2024-11-24,Nov 2024,CUS-177879,Deposited,Yes,Wayne Corp,4200,Product Revenue,Quarterly true-up,,,,,,USD,1.0,2403.32,0.0,2403.32,2403.32,Enso EU,US-East,Finance,Mid-Market,,Check,,
TXN-0005458,Invoice,2024-11-28,Nov 2024,INV-232679,Open,Yes,Tyrell Inc,4200,Product Revenue,Promotion credit,SKU-ENSO-TEAM,Enso Team License,10.87,Each,775.03,GBP,1.27,20522.93,0.0,20522.93,26064.12,Enso UK,US-West,Operations,Enterprise,Net 15,,,Marcus Johnson
TXN-0005459,Vendor Payment,2024-11-28,Nov 2024,VEN-954949,Processed,Yes,Fastly,5000,COGS,Travel & meals,,,,,,USD,1.0,11867.41,0.0,11867.41,11867.41,Enso US,UK-South,Marketing,Enterprise,,Credit Card,,
TXN-0005460,Invoice,2024-11-16,Nov 2024,INV-489591,Paid In Full,Yes,Wayne LLC,4200,Product Revenue,Monthly charge,SKU-ENSO-PRO,Enso Pro License,7.79,Each,800.26,USD,1.0,8293.61,787.89,9081.5,8293.61,Enso EU,US-West,Finance,SMB,Net 15,,,Noah Smith
TXN-0005461,Item Receipt,2024-11-15,Nov 2024,ITE-131192,Received,Yes,Microsoft,1200,Inventory,License renewal,SKU-ENSO-PRO,Enso Pro License,7.94,Each,2142.95,GBP,1.27,18659.35,0.0,18659.35,23697.37,Enso EU,EU-Central,Marketing,Enterprise,,,,
TXN-0005462,Bank Deposit,2024-11-21,Nov 2024,BAN-892934,Deposited,Yes,HP,5100,Freight Out,Hardware purchase,,,,,,GBP,1.27,44361.6,0.0,44361.6,56339.23,Enso EU,UK-South,HR,Internal,,Wire,,
TXN-0005463,Customer Payment,2024-11-25,Nov 2024,CUS-141635,Deposited,Yes,Acme Inc,4000,Revenue,Cloud services,,,,,,USD,1.0,5175.91,0.0,5175.91,5175.91,Enso UK,US-East,Marketing,Internal,,Credit Card,,Maya Patel
TXN-0005464,Item Receipt,2024-11-26,Nov 2024,ITE-166003,Received,Yes,Dell,1200,Inventory,Cloud services,SKU-TRNG-01,Admin Training,6.84,Hour,2641.08,EUR,1.09,15949.1,1515.16,17464.26,17384.52,Enso US,UK-South,R&D,Enterprise,,,,Elena Petrova
TXN-0005465,Journal Entry,2024-11-03,Nov 2024,JOU-537271,Posted,Yes,Microsoft,2100,Accrued Expenses,Inventory receipt,,,,,,USD,1.0,7747.3,0.0,7747.3,7747.3,Enso UK,UK-South,Marketing,SMB,,,,Ethan Brown
TXN-0005466,Bill,2024-11-28,Nov 2024,BIL-950481,Open,Yes,Salesforce,5000,COGS,Travel & meals,SKU-TRNG-01,Admin Training,8.83,Hour,2.75,USD,1.0,2088.44,182.74,2271.18,2088.44,Enso UK,US-East,Operations,Mid-Market,Net 30,,,Sophia Garcia
TXN-0005467,Journal Entry,2024-11-06,Nov 2024,JOU-120592,Posted,Yes,Oracle,3000,Equity,Inventory receipt,,,,,,USD,1.0,43648.24,0.0,43648.24,43648.24,Enso EU,EU-Central,Operations,Mid-Market,,,,Marcus Johnson
TXN-0005468,Vendor Payment,2024-11-23,Nov 2024,VEN-695220,Processed,Yes,Deloitte,5000,COGS,Travel & meals,,,,,,USD,1.0,3930.38,0.0,3930.38,3930.38,Enso EU,EU-Central,Finance,Internal,,Check,,Liam O'Connor
TXN-0005469,Item Receipt,2024-11-29,Nov 2024,ITE-287735,Received,Yes,Deloitte,1200,Inventory,Monthly charge,SKU-ENSO-PRO,Enso Pro License,5.72,Each,1463.56,GBP,1.27,14598.51,1277.37,15875.88,18540.11,Enso UK,US-East,Operations,Enterprise,,,,Ethan Brown
TXN-0005470,Credit Memo,2024-11-25,Nov 2024,CRE-782118,Open,Yes,Pied Piper Partners,4200,Product Revenue,Travel & meals,SKU-ENSO-TEAM,Enso Team License,7.07,Each,511.86,EUR,1.09,-21402.17,0.0,-21402.17,-23328.37,Enso US,UK-South,Finance,Enterprise,,,,Amelia Wong
TXN-0005471,Customer Payment,2024-11-26,Nov 2024,CUS-684223,Undeposited,Yes,Acme Inc,4100,Services Revenue,Inventory receipt,,,,,,USD,1.0,6275.02,0.0,6275.02,6275.02,Enso UK,EU-Central,Marketing,Mid-Market,,ACH,,Jane Miller
TXN-0005472,Bank Deposit,2024-11-10,Nov 2024,BAN-776955,Deposited,Yes,Deloitte,5100,Freight Out,Support plan,,,,,,USD,1.0,29310.64,0.0,29310.64,29310.64,Enso UK,US-West,Finance,SMB,,ACH,,Elena Petrova
TXN-0005473,Invoice,2024-11-04,Nov 2024,INV-116395,Paid In Full,Yes,Aperture Partners,4000,Revenue,Consulting services,SKU-ENSO-PRO,Enso Pro License,7.06,Each,1602.42,USD,1.0,8063.06,765.99,8829.05,8063.06,Enso EU,US-West,HR,SMB,Net 15,,,Ethan Brown
TXN-0005474,Invoice,2024-11-04,Nov 2024,INV-332035,Paid In Full,Yes,Initech LLC,4200,Product Revenue,Travel & meals,SKU-ENSO-TEAM,Enso Team License,3.15,Each,2531.33,USD,1.0,9252.96,809.63,10062.59,9252.96,Enso EU,UK-South,Sales,Internal,Net 30,,,Priya Shah
TXN-0005475,Customer Payment,2024-11-20,Nov 2024,CUS-372085,Deposited,Yes,Umbrella Corp,4000,Revenue,Inventory receipt,,,,,,GBP,1.27,1182.38,0.0,1182.38,1501.62,Enso EU,UK-South,Finance,Mid-Market,,ACH,,Sophia Garcia
TXN-0005476,Invoice,2024-11-29,Nov 2024,INV-821706,Partially Paid,Yes,Wonka Corp,4000,Revenue,Monthly charge,SKU-TRNG-01,Admin Training,1.59,Hour,390.87,USD,1.0,3879.93,194.0,4073.93,3879.93,Enso EU,US-West,HR,Mid-Market,Due on Receipt,,,
TXN-0005477,Bill,2024-11-01,Nov 2024,BIL-960962,Open,Yes,Cloudflare,6000,Sales & Marketing,Support plan,SKU-TRNG-01,Admin Training,12.49,Hour,1675.4,USD,1.0,8593.26,429.66,9022.92,8593.26,Enso UK,US-West,Operations,Internal,Net 15,,,Ethan Brown
TXN-0005478,Bill,2024-11-06,Nov 2024,BIL-928793,Open,Yes,Cloudflare,6200,G&A Expense,Subscription,SKU-ENSO-PRO,Enso Pro License,6.19,Each,882.51,USD,1.0,1026.97,51.35,1078.32,1026.97,Enso UK,US-East,Operations,SMB,Net 15,,,Marcus Johnson
TXN-0005479,Customer Payment,2024-11-22,Nov 2024,CUS-444400,Deposited,Yes,Aperture Corp,4000,Revenue,Promotion credit,,,,,,USD,1.0,16762.14,0.0,16762.14,16762.14,Enso UK,UK-South,Operations,Internal,,ACH,,
TXN-0005480,Vendor Payment,2024-11-09,Nov 2024,VEN-443985,Processed,Yes,Google Cloud,6000,Sales & Marketing,Consulting services,,,,,,USD,1.0,1299.9,0.0,1299.9,1299.9,Enso EU,US-West,HR,SMB,,Check,,
TXN-0005481,Invoice,2024-11-21,Nov 2024,INV-278737,Open,Yes,Aperture Partners,4000,Revenue,Quarterly true-up,SKU-ENSO-PRO,Enso Pro License,6.11,Each,2369.21,USD,1.0,3891.66,340.52,4232.18,3891.66,Enso UK,US-East,HR,Mid-Market,Net 15,,,
TXN-0005482,Invoice,2024-11-01,Nov 2024,INV-369724,Open,Yes,Stark Partners,4200,Product Revenue,License renewal,SKU-ENSO-PRO,Enso Pro License,9.48,Each,1053.46,EUR,1.09,23220.8,0.0,23220.8,25310.67,Enso US,EU-Central,Finance,Internal,Due on Receipt,,,Sophia Garcia
TXN-0005483,Journal Entry,2024-11-03,Nov 2024,JOU-197227,Approved,Yes,Zoom,6000,Sales & Marketing,Support plan,,,,,,EUR,1.09,39802.41,0.0,39802.41,43384.63,Enso EU,EU-Central,Finance,Internal,,,,Sophia Garcia
TXN-0005484,Bill,2024-11-05,Nov 2024,BIL-594385,Partially Paid,Yes,KPMG,6000,Sales & Marketing,License renewal,SKU-SUP-PREM,Premium Support,3.52,Month,759.19,USD,1.0,11713.38,1112.77,12826.15,11713.38,Enso EU,US-East,Finance,SMB,Net 15,,,Carlos Ortiz
TXN-0005485,Customer Payment,2024-11-13,Nov 2024,CUS-895437,Deposited,Yes,Globex Corp,4100,Services Revenue,Cloud services,,,,,,USD,1.0,19857.38,0.0,19857.38,19857.38,Enso US,US-East,HR,Internal,,ACH,,Ethan Brown
TXN-0005486,Cash Sale,2024-11-07,Nov 2024,CAS-794216,Paid,Yes,Wayne Partners,4000,Revenue,Hardware purchase,SKU-ENSO-TEAM,Enso Team License,6.56,Each,1728.6,USD,1.0,9962.7,946.46,10909.16,9962.7,Enso EU,US-West,Operations,Internal,,Check,,Sophia Garcia
TXN-0005487,Customer Payment,2024-11-05,Nov 2024,CUS-159844,Undeposited,Yes,Acme LLC,4200,Product Revenue,Support plan,,,,,,USD,1.0,16010.13,0.0,16010.13,16010.13,Enso US,US-East,Finance,Mid-Market,,Credit Card,,Derrick Cho
TXN-0005488,Item Receipt,2024-11-08,Nov 2024,ITE-275077,Received,Yes,Cisco,1200,Inventory,Quarterly true-up,SKU-TRNG-01,Admin Training,2.65,Hour,1694.26,USD,1.0,5756.38,287.82,6044.2,5756.38,Enso US,US-West,R&D,Mid-Market,,,,Amelia Wong
TXN-0005489,Vendor Credit,2024-11-02,Nov 2024,VEN-148133,Applied,Yes,Deloitte,6100,R&D Expense,Cloud services,SKU-SUP-PREM,Premium Support,7.64,Month,949.73,USD,1.0,-13878.67,0.0,-13878.67,-13878.67,Enso EU,UK-South,Finance,Internal,,,,Amelia Wong
TXN-0005490,Cash Sale,2024-11-06,Nov 2024,CAS-828643,Paid,Yes,Pied Piper Inc,4100,Services Revenue,Monthly charge,SKU-SUP-PREM,Premium Support,5.8,Month,551.0,USD,1.0,15644.76,0.0,15644.76,15644.76,Enso EU,EU-Central,Sales,Internal,,Credit Card,,Carlos Ortiz
TXN-0005491,Expense Report,2024-11-23,Nov 2024,EXP-353841,Approved,Yes,Fastly,6200,G&A Expense,Training session,SKU-ENSO-PRO,Enso Pro License,4.04,Each,1291.48,USD,1.0,2267.48,113.37,2380.85,2267.48,Enso UK,US-West,Finance,Mid-Market,,,,
TXN-0005492,Customer Payment,2024-11-18,Nov 2024,CUS-143599,Undeposited,Yes,Wayne Partners,4200,Product Revenue,Quarterly true-up,,,,,,USD,1.0,15598.64,0.0,15598.64,15598.64,Enso US,UK-South,Sales,SMB,,Credit Card,,Liam O'Connor
TXN-0005493,Bill,2024-11-16,Nov 2024,BIL-681046,Open,Yes,Accenture,6100,R&D Expense,Support plan,SKU-TRNG-01,Admin Training,3.01,Hour,651.73,USD,1.0,3984.55,378.53,4363.08,3984.55,Enso UK,US-West,Sales,Mid-Market,Net 30,,,Sophia Garcia
TXN-0005494,Invoice,2024-11-05,Nov 2024,INV-404890,Open,Yes,Stark Corp,4000,Revenue,Promotion credit,SKU-TRNG-01,Admin Training,1.0,Hour,34.6,USD,1.0,17497.67,1531.05,19028.72,17497.67,Enso UK,EU-Central,Operations,SMB,Due on Receipt,,,Elena Petrova
TXN-0005495,Customer Payment,2024-11-03,Nov 2024,CUS-525007,Undeposited,Yes,Cyberdyne Partners,4000,Revenue,Monthly charge,,,,,,USD,1.0,20373.06,0.0,20373.06,20373.06,Enso UK,EU-Central,Operations,Internal,,Wire,,
TXN-0005496,Journal Entry,2024-11-18,Nov 2024,JOU-782839,Approved,Yes,KPMG,1200,Inventory,Travel & meals,,,,,,USD,1.0,13317.26,0.0,13317.26,13317.26,Enso US,UK-South,R&D,Mid-Market,,,,Marcus Johnson
TXN-0005497,Invoice,2024-11-20,Nov 2024,INV-836340,Open,Yes,Hooli Partners,4200,Product Revenue,Subscription,SKU-ENSO-PRO,Enso Pro License,10.88,Each,1133.53,USD,1.0,24308.33,0.0,24308.33,24308.33,Enso EU,US-West,Sales,Enterprise,Net 45,,,Noah Smith
TXN-0005498,Customer Payment,2024-11-02,Nov 2024,CUS-910181,Deposited,Yes,Globex Partners,4100,Services Revenue,Promotion credit,,,,,,USD,1.0,22635.46,0.0,22635.46,22635.46,Enso EU,EU-Central,R&D,Enterprise,,Credit Card,,Priya Shah
TXN-0005499,Credit Memo,2024-11-23,Nov 2024,CRE-974430,Applied,Yes,Wayne Inc,4200,Product Revenue,Subscription,SKU-SUP-STD,Standard Support,5.39,Month,1721.25,USD,1.0,-5948.24,0.0,-5948.24,-5948.24,Enso UK,UK-South,Marketing,Internal,,,,Maya Patel
TXN-0005500,Vendor Payment,2024-11-23,Nov 2024,VEN-722666,Processed,Yes,Dell,6200,G&A Expense,Training session,,,,,,USD,1.0,13762.62,0.0,13762.62,13762.62,Enso EU,US-West,HR,Internal,,ACH,,Carlos Ortiz
TXN-0005501,Invoice,2024-11-09,Nov 2024,INV-967663,Partially Paid,Yes,Acme LLC,4100,Services Revenue,Hardware purchase,SKU-ENSO-TEAM,Enso Team License,1.0,Each,877.49,USD,1.0,24554.33,0.0,24554.33,24554.33,Enso US,UK-South,Sales,Mid-Market,Due on Receipt,,,Elena Petrova
TXN-0005502,Bank Deposit,2024-11-11,Nov 2024,BAN-180904,Deposited,Yes,Oracle,4100,Services Revenue,Monthly charge,,,,,,EUR,1.09,31763.44,0.0,31763.44,34622.15,Enso EU,US-East,Finance,Internal,,Credit Card,,Jane Miller
TXN-0005503,Vendor Payment,2024-11-23,Nov 2024,VEN-807954,Processed,Yes,Salesforce,6000,Sales & Marketing,Support plan,,,,,,GBP,1.27,939.54,0.0,939.54,1193.22,Enso US,US-East,Sales,Internal,,Wire,,Priya Shah
TXN-0005504,Invoice,2024-11-11,Nov 2024,INV-249719,Paid In Full,Yes,Globex Partners,4000,Revenue,Consulting services,SKU-ENSO-PRO,Enso Pro License,7.58,Each,377.3,USD,1.0,9472.12,0.0,9472.12,9472.12,Enso EU,EU-Central,Marketing,SMB,Due on Receipt,,,Sophia Garcia
TXN-0005505,Vendor Payment,2024-11-02,Nov 2024,VEN-320587,Processed,Yes,Google Cloud,6000,Sales & Marketing,Hardware purchase,,,,,,USD,1.0,13157.9,0.0,13157.9,13157.9,Enso UK,US-East,Operations,Enterprise,,Credit Card,,Sophia Garcia
TXN-0005506,Bill,2024-11-09,Nov 2024,BIL-967234,Paid In Full,Yes,Cisco,6000,Sales & Marketing,Consulting services,SKU-SUP-STD,Standard Support,3.18,Month,1551.6,USD,1.0,1526.6,133.58,1660.18,1526.6,Enso EU,US-West,R&D,SMB,Net 30,,,Carlos Ortiz
TXN-0005507,Bill,2024-11-07,Nov 2024,BIL-563370,Paid In Full,Yes,Google Cloud,6200,G&A Expense,Hardware purchase,SKU-ENSO-TEAM,Enso Team License,3.34,Each,966.2,USD,1.0,5172.45,491.38,5663.83,5172.45,Enso US,EU-Central,Marketing,Internal,Net 15,,,Sophia Garcia
TXN-0005508,Customer Payment,2024-11-04,Nov 2024,CUS-603516,Deposited,Yes,Cyberdyne Corp,4100,Services Revenue,Cloud services,,,,,,USD,1.0,23375.54,0.0,23375.54,23375.54,Enso EU,US-East,HR,Enterprise,,Credit Card,,Elena Petrova
TXN-0005509,Customer Payment,2024-11-03,Nov 2024,CUS-436324,Undeposited,Yes,Wonka Inc,4000,Revenue,Promotion credit,,,,,,USD,1.0,6086.06,0.0,6086.06,6086.06,Enso US,US-West,HR,Mid-Market,,Wire,,
TXN-0005510,Bill,2024-11-20,Nov 2024,BIL-824254,Paid In Full,Yes,Cloudflare,6200,G&A Expense,Quarterly true-up,SKU-ENSO-TEAM,Enso Team License,8.1,Each,831.7,USD,1.0,9424.48,824.64,10249.12,9424.48,Enso UK,EU-Central,Finance,Mid-Market,Net 45,,,Derrick Cho
TXN-0005511,Vendor Credit,2024-11-25,Nov 2024,VEN-116714,Open,Yes,Salesforce,6000,Sales & Marketing,Monthly charge,SKU-SUP-PREM,Premium Support,6.91,Month,1118.6,USD,1.0,-1270.68,0.0,-1270.68,-1270.68,Enso UK,US-East,Finance,Mid-Market,,,,Maya Patel
TXN-0005512,Credit Memo,2024-11-25,Nov 2024,CRE-423042,Applied,Yes,Aperture Corp,4000,Revenue,Promotion credit,SKU-ENSO-PRO,Enso Pro License,9.13,Each,796.44,USD,1.0,-21953.62,0.0,-21953.62,-21953.62,Enso UK,US-East,Marketing,Mid-Market,,,,Priya Shah
TXN-0005513,Item Receipt,2024-11-19,Nov 2024,ITE-136052,Received,Yes,Microsoft,1200,Inventory,Inventory receipt,SKU-ENSO-PRO,Enso Pro License,2.83,Each,1880.08,EUR,1.09,6627.49,579.91,7207.4,7223.96,Enso EU,EU-Central,Sales,SMB,,,,Carlos Ortiz
TXN-0005514,Credit Memo,2024-11-21,Nov 2024,CRE-524936,Open,Yes,Umbrella LLC,4000,Revenue,License renewal,SKU-SUP-STD,Standard Support,5.56,Month,1897.89,USD,1.0,-10593.7,0.0,-10593.7,-10593.7,Enso EU,EU-Central,HR,Mid-Market,,,,Sophia Garcia
TXN-0005515,Journal Entry,2024-11-17,Nov 2024,JOU-433677,Posted,Yes,Stripe,4100,Services Revenue,Monthly charge,,,,,,USD,1.0,21983.51,0.0,21983.51,21983.51,Enso EU,US-West,Operations,Mid-Market,,,,Sophia Garcia
TXN-0005516,Vendor Payment,2024-11-11,Nov 2024,VEN-649474,Processed,Yes,Accenture,6200,G&A Expense,Hardware purchase,,,,,,USD,1.0,12593.8,0.0,12593.8,12593.8,Enso UK,US-West,Finance,Internal,,Credit Card,,Sophia Garcia
TXN-0005517,Cash Sale,2024-11-04,Nov 2024,CAS-223361,Paid,Yes,Vehement Inc,4200,Product Revenue,Promotion credit,SKU-SUP-STD,Standard Support,1.0,Month,1859.16,USD,1.0,23063.89,0.0,23063.89,23063.89,Enso EU,US-West,Marketing,Mid-Market,,Wire,,Elena Petrova
TXN-0005518,Credit Memo,2024-11-08,Nov 2024,CRE-862661,Applied,Yes,Umbrella LLC,4000,Revenue,Subscription,SKU-TRNG-01,Admin Training,2.25,Hour,1420.87,USD,1.0,-13951.61,0.0,-13951.61,-13951.61,Enso EU,US-West,Marketing,Mid-Market,,,,Amelia Wong
TXN-0005519,Customer Payment,2024-11-27,Nov 2024,CUS-626183,Deposited,Yes,Hooli Inc,4000,Revenue,Consulting services,,,,,,USD,1.0,8193.92,0.0,8193.92,8193.92,Enso US,US-West,Marketing,Internal,,Check,,Ethan Brown
TXN-0005520,Vendor Payment,2024-11-11,Nov 2024,VEN-762351,Processed,Yes,Microsoft,6100,R&D Expense,Consulting services,,,,,,USD,1.0,9285.29,0.0,9285.29,9285.29,Enso US,UK-South,R&D,Internal,,ACH,,Carlos Ortiz
TXN-0005521,Invoice,2024-11-21,Nov 2024,INV-765858,Paid In Full,Yes,Hooli Corp,4200,Product Revenue,Quarterly true-up,SKU-ENSO-TEAM,Enso Team License,4.77,Each,41.92,USD,1.0,20037.93,1753.32,21791.25,20037.93,Enso UK,US-West,R&D,Internal,Net 30,,,
TXN-0005522,Vendor Credit,2024-11-16,Nov 2024,VEN-554883,Open,Yes,Cloudflare,6100,R&D Expense,Hardware purchase,SKU-TRNG-01,Admin Training,6.72,Hour,1955.96,USD,1.0,-1221.41,0.0,-1221.41,-1221.41,Enso UK,EU-Central,HR,Internal,,,,Sophia Garcia
TXN-0005523,Bank Deposit,2024-11-21,Nov 2024,BAN-719737,Deposited,Yes,Oracle,5000,COGS,Promotion credit,,,,,,EUR,1.09,6686.72,0.0,6686.72,7288.52,Enso US,EU-Central,Operations,SMB,,Check,,Elena Petrova
TXN-0005524,Invoice,2024-11-18,Nov 2024,INV-164194,Paid In Full,Yes,Wonka LLC,4200,Product Revenue,Training session,SKU-SUP-PREM,Premium Support,6.97,Month,912.73,USD,1.0,16147.42,0.0,16147.42,16147.42,Enso UK,US-West,Finance,Enterprise,Net 30,,,
TXN-0005525,Vendor Credit,2024-11-15,Nov 2024,VEN-266098,Applied,Yes,KPMG,6100,R&D Expense,Subscription,SKU-SUP-STD,Standard Support,2.78,Month,1971.18,USD,1.0,-9306.08,0.0,-9306.08,-9306.08,Enso UK,US-West,HR,Internal,,,,Noah Smith
TXN-0005526,Invoice,2024-11-13,Nov 2024,INV-639860,Partially Paid,Yes,Stark LLC,4200,Product Revenue,Promotion credit,SKU-SUP-STD,Standard Support,4.73,Month,1861.87,USD,1.0,18151.77,1724.42,19876.19,18151.77,Enso EU,US-East,Operations,Enterprise,Net 30,,,Jane Miller
TXN-0005527,Bill,2024-11-12,Nov 2024,BIL-577903,Open,Yes,Stripe,6200,G&A Expense,Training session,SKU-TRNG-01,Admin Training,7.25,Hour,887.26,USD,1.0,9612.3,841.08,10453.38,9612.3,Enso UK,EU-Central,Marketing,Enterprise,Due on Receipt,,,Priya Shah
TXN-0005528,Customer Payment,2024-11-29,Nov 2024,CUS-945339,Undeposited,Yes,Wayne LLC,4000,Revenue,Subscription,,,,,,USD,1.0,21935.34,0.0,21935.34,21935.34,Enso UK,EU-Central,R&D,Enterprise,,Credit Card,,Sophia Garcia
TXN-0005529,Customer Payment,2024-11-03,Nov 2024,CUS-333190,Undeposited,Yes,Globex Corp,4000,Revenue,Quarterly true-up,,,,,,USD,1.0,4352.1,0.0,4352.1,4352.1,Enso US,EU-Central,Operations,Internal,,Wire,,Derrick Cho
TXN-0005530,Invoice,2024-11-17,Nov 2024,INV-637277,Open,Yes,Wayne LLC,4100,Services Revenue,Cloud services,SKU-TRNG-01,Admin Training,3.02,Hour,107.72,USD,1.0,7141.76,357.09,7498.85,7141.76,Enso UK,EU-Central,Operations,Enterprise,Net 30,,,Derrick Cho
TXN-0005531,Bill,2024-11-22,Nov 2024,BIL-246535,Open,Yes,HP,6000,Sales & Marketing,Inventory receipt,SKU-ENSO-TEAM,Enso Team License,5.68,Each,846.54,USD,1.0,9582.1,910.3,10492.4,9582.1,Enso EU,US-East,R&D,Enterprise,Net 15,,,Sophia Garcia
TXN-0005532,Invoice,2024-11-14,Nov 2024,INV-221447,Paid In Full,Yes,Umbrella LLC,4200,Product Revenue,Consulting services,SKU-SUP-STD,Standard Support,5.2,Month,1341.87,USD,1.0,17560.11,1668.21,19228.32,17560.11,Enso EU,UK-South,Sales,Enterprise,Net 45,,,Maya Patel
TXN-0005533,Bank Deposit,2024-11-13,Nov 2024,BAN-119010,Deposited,Yes,Cisco,6100,R&D Expense,Promotion credit,,,,,,USD,1.0,40857.93,0.0,40857.93,40857.93,Enso EU,UK-South,Marketing,Internal,,ACH,,Liam O'Connor
TXN-0005534,Customer Payment,2024-11-09,Nov 2024,CUS-455951,Undeposited,Yes,Hooli LLC,4200,Product Revenue,Monthly charge,,,,,,USD,1.0,18837.14,0.0,18837.14,18837.14,Enso UK,EU-Central,R&D,Internal,,ACH,,Noah Smith
TXN-0005535,Bank Deposit,2024-11-25,Nov 2024,BAN-753783,Deposited,Yes,Cloudflare,6200,G&A Expense,Hardware purchase,,,,,,USD,1.0,5364.88,0.0,5364.88,5364.88,Enso UK,UK-South,Sales,Internal,,Credit Card,,Noah Smith
TXN-0005536,Customer Payment,2024-11-27,Nov 2024,CUS-722790,Deposited,Yes,Soylent Inc,4000,Revenue,Subscription,,,,,,EUR,1.09,13443.44,0.0,13443.44,14653.35,Enso UK,EU-Central,Operations,Enterprise,,Credit Card,,Derrick Cho
TXN-0005537,Bank Deposit,2024-11-19,Nov 2024,BAN-173150,Deposited,Yes,Microsoft,6100,R&D Expense,Travel & meals,,,,,,USD,1.0,44287.02,0.0,44287.02,44287.02,Enso EU,UK-South,Operations,SMB,,Check,,
TXN-0005538,Item Receipt,2024-11-24,Nov 2024,ITE-294598,Received,Yes,Salesforce,1200,Inventory,Monthly charge,SKU-ENSO-TEAM,Enso Team License,1.14,Each,688.47,GBP,1.27,17093.83,1623.91,18717.74,21709.16,Enso EU,US-East,R&D,SMB,,,,Priya Shah
TXN-0005539,Credit Memo,2024-11-19,Nov 2024,CRE-365107,Open,Yes,Wonka Inc,4100,Services Revenue,Training session,SKU-ENSO-PRO,Enso Pro License,6.65,Each,1562.75,GBP,1.27,-7401.01,0.0,-7401.01,-9399.28,Enso UK,US-East,Operations,Internal,,,,Ethan Brown
TXN-0005540,Cash Sale,2024-11-27,Nov 2024,CAS-676280,Paid,Yes,Acme Inc,4100,Services Revenue,Monthly charge,SKU-ENSO-TEAM,Enso Team License,5.27,Each,390.93,USD,1.0,10653.24,532.66,11185.9,10653.24,Enso EU,US-West,HR,Internal,,Check,,Priya Shah
TXN-0005541,Credit Memo,2024-11-10,Nov 2024,CRE-131604,Applied,Yes,Wayne Partners,4000,Revenue,Cloud services,SKU-SUP-STD,Standard Support,4.67,Month,1496.14,USD,1.0,-21169.85,0.0,-21169.85,-21169.85,Enso US,US-West,Sales,SMB,,,,Maya Patel
TXN-0005542,Journal Entry,2024-11-02,Nov 2024,JOU-743853,Posted,Yes,Google Cloud,6100,R&D Expense,Consulting services,,,,,,USD,1.0,42751.18,0.0,42751.18,42751.18,Enso UK,US-West,HR,SMB,,,,Priya Shah
TXN-0005543,Bill,2024-11-14,Nov 2024,BIL-606428,Partially Paid,Yes,Salesforce,6200,G&A Expense,Support plan,SKU-ENSO-TEAM,Enso Team License,2.03,Each,2724.84,USD,1.0,5426.91,271.35,5698.26,5426.91,Enso EU,US-West,HR,Internal,Net 30,,,Maya Patel
TXN-0005544,Expense Report,2024-11-04,Nov 2024,EXP-431946,Paid,Yes,Deloitte,6100,R&D Expense,Consulting services,SKU-SUP-STD,Standard Support,10.55,Month,1177.13,USD,1.0,12922.78,646.14,13568.92,12922.78,Enso UK,US-West,Finance,SMB,,,,Ethan Brown
TXN-0005545,Invoice,2024-11-01,Nov 2024,INV-135297,Partially Paid,Yes,Initech Inc,4100,Services Revenue,Inventory receipt,SKU-SUP-PREM,Premium Support,4.98,Month,1095.48,USD,1.0,24825.5,1241.28,26066.78,24825.5,Enso UK,EU-Central,HR,SMB,Net 30,,,Priya Shah
TXN-0005546,Customer Payment,2024-11-03,Nov 2024,CUS-986919,Deposited,Yes,Umbrella Corp,4100,Services Revenue,Consulting services,,,,,,USD,1.0,21767.36,0.0,21767.36,21767.36,Enso UK,EU-Central,Sales,Mid-Market,,Credit Card,,Sophia Garcia
TXN-0005547,Invoice,2024-11-20,Nov 2024,INV-891540,Partially Paid,Yes,Wonka LLC,4100,Services Revenue,Travel & meals,SKU-ENSO-PRO,Enso Pro License,6.89,Each,2131.97,USD,1.0,1385.14,69.26,1454.4,1385.14,Enso US,UK-South,Finance,SMB,Due on Receipt,,,Ethan Brown
TXN-0005548,Invoice,2024-11-05,Nov 2024,INV-819068,Partially Paid,Yes,Hooli Corp,4000,Revenue,Inventory receipt,SKU-SUP-PREM,Premium Support,4.76,Month,919.48,USD,1.0,10389.99,519.5,10909.49,10389.99,Enso UK,US-East,HR,Mid-Market,Net 30,,,Sophia Garcia
TXN-0005549,Bill,2024-11-04,Nov 2024,BIL-347999,Partially Paid,Yes,Deloitte,6200,G&A Expense,Promotion credit,SKU-ENSO-TEAM,Enso Team License,6.87,Each,392.73,GBP,1.27,9669.28,846.06,10515.34,12279.99,Enso EU,EU-Central,Marketing,Enterprise,Net 45,,,Ethan Brown
TXN-0005550,Customer Payment,2024-11-05,Nov 2024,CUS-572604,Undeposited,Yes,Wayne Partners,4000,Revenue,Training session,,,,,,USD,1.0,22538.11,0.0,22538.11,22538.11,Enso US,EU-Central,Operations,Enterprise,,Check,,Ethan Brown
TXN-0005551,Vendor Payment,2024-11-15,Nov 2024,VEN-517904,Processed,Yes,Salesforce,6200,G&A Expense,Travel & meals,,,,,,USD,1.0,9392.1,0.0,9392.1,9392.1,Enso UK,US-West,Marketing,Mid-Market,,Check,,Liam O'Connor
TXN-0005552,Customer Payment,2024-11-12,Nov 2024,CUS-803858,Deposited,Yes,Stark Partners,4000,Revenue,Inventory receipt,,,,,,USD,1.0,18321.18,0.0,18321.18,18321.18,Enso UK,UK-South,Finance,SMB,,Wire,,Sophia Garcia
TXN-0005553,Cash Sale,2024-11-07,Nov 2024,CAS-379648,Paid,Yes,Globex LLC,4000,Revenue,Hardware purchase,SKU-ENSO-TEAM,Enso Team License,8.47,Each,1168.58,USD,1.0,19459.09,1848.61,21307.7,19459.09,Enso UK,UK-South,Operations,SMB,,Check,,
TXN-0005554,Invoice,2024-11-24,Nov 2024,INV-569967,Paid In Full,Yes,Hooli LLC,4000,Revenue,Hardware purchase,SKU-TRNG-01,Admin Training,3.41,Hour,1493.88,EUR,1.09,11040.08,552.0,11592.08,12033.69,Enso UK,US-West,HR,Enterprise,Due on Receipt,,,Elena Petrova
TXN-0005555,Bill,2024-11-19,Nov 2024,BIL-836154,Open,Yes,Oracle,6100,R&D Expense,Cloud services,SKU-SUP-PREM,Premium Support,1.0,Month,17.78,USD,1.0,8096.23,708.42,8804.65,8096.23,Enso EU,US-West,Marketing,Mid-Market,Net 45,,,Priya Shah
TXN-0005556,Bill,2024-11-21,Nov 2024,BIL-820064,Paid In Full,Yes,Microsoft,6100,R&D Expense,Cloud services,SKU-SUP-PREM,Premium Support,7.68,Month,104.13,USD,1.0,5885.1,0.0,5885.1,5885.1,Enso UK,EU-Central,HR,SMB,Net 15,,,Marcus Johnson
TXN-0005557,Vendor Credit,2024-11-07,Nov 2024,VEN-612506,Open,Yes,Accenture,6200,G&A Expense,Support plan,SKU-ENSO-TEAM,Enso Team License,6.44,Each,375.07,EUR,1.09,-11146.21,0.0,-11146.21,-12149.37,Enso US,US-East,HR,SMB,,,,Liam O'Connor
TXN-0005558,Expense Report,2024-11-23,Nov 2024,EXP-833934,Pending Approval,Yes,Microsoft,6000,Sales & Marketing,Travel & meals,SKU-ENSO-PRO,Enso Pro License,6.58,Each,2005.96,USD,1.0,6197.77,309.89,6507.66,6197.77,Enso EU,US-East,Marketing,SMB,,,,Carlos Ortiz
TXN-0005559,Vendor Payment,2024-11-23,Nov 2024,VEN-753635,Processed,Yes,AWS,6200,G&A Expense,Promotion credit,,,,,,USD,1.0,9507.93,0.0,9507.93,9507.93,Enso UK,US-East,Finance,SMB,,ACH,,Sophia Garcia
TXN-0005560,Vendor Credit,2024-11-24,Nov 2024,VEN-388427,Applied,Yes,Google Cloud,6100,R&D Expense,Hardware purchase,SKU-TRNG-01,Admin Training,4.8,Hour,1270.76,USD,1.0,-2567.07,0.0,-2567.07,-2567.07,Enso US,UK-South,Marketing,SMB,,,,
TXN-0005561,Customer Payment,2024-11-15,Nov 2024,CUS-991987,Deposited,Yes,Umbrella LLC,4200,Product Revenue,Cloud services,,,,,,GBP,1.27,19232.41,0.0,19232.41,24425.16,Enso EU,UK-South,Finance,Enterprise,,Check,,Maya Patel
TXN-0005562,Vendor Payment,2024-11-30,Nov 2024,VEN-859710,Processed,Yes,Salesforce,6200,G&A Expense,Hardware purchase,,,,,,EUR,1.09,1094.91,0.0,1094.91,1193.45,Enso US,US-East,HR,Enterprise,,ACH,,Derrick Cho
TXN-0005563,Invoice,2024-11-19,Nov 2024,INV-655908,Paid In Full,Yes,Wayne Inc,4000,Revenue,License renewal,SKU-SUP-PREM,Premium Support,4.32,Month,1173.69,USD,1.0,18969.95,1659.87,20629.82,18969.95,Enso EU,EU-Central,R&D,Enterprise,Net 30,,,Marcus Johnson
TXN-0005564,Invoice,2024-11-07,Nov 2024,INV-789987,Partially Paid,Yes,Aperture Partners,4200,Product Revenue,Monthly charge,SKU-ENSO-TEAM,Enso Team License,3.22,Each,857.48,GBP,1.27,17494.71,1662.0,19156.71,22218.28,Enso US,UK-South,Marketing,Mid-Market,Due on Receipt,,,Liam O'Connor
TXN-0005565,Bank Deposit,2024-11-01,Nov 2024,BAN-183981,Deposited,Yes,Cloudflare,5000,COGS,Travel & meals,,,,,,USD,1.0,12751.58,0.0,12751.58,12751.58,Enso EU,US-East,HR,SMB,,Credit Card,,
TXN-0005566,Customer Payment,2024-11-09,Nov 2024,CUS-271778,Undeposited,Yes,Initech Corp,4200,Product Revenue,Support plan,,,,,,USD,1.0,7711.75,0.0,7711.75,7711.75,Enso UK,UK-South,HR,Enterprise,,Wire,,Maya Patel
TXN-0005567,Customer Payment,2024-11-24,Nov 2024,CUS-999902,Deposited,Yes,Soylent LLC,4100,Services Revenue,Promotion credit,,,,,,USD,1.0,21912.03,0.0,21912.03,21912.03,Enso US,EU-Central,Finance,Internal,,ACH,,Priya Shah
TXN-0005568,Customer Payment,2024-11-22,Nov 2024,CUS-711552,Undeposited,Yes,Initech LLC,4200,Product Revenue,Travel & meals,,,,,,USD,1.0,13153.21,0.0,13153.21,13153.21,Enso US,US-East,Operations,SMB,,ACH,,
TXN-0005569,Item Receipt,2024-11-18,Nov 2024,ITE-724314,Received,Yes,Accenture,1200,Inventory,License renewal,SKU-TRNG-01,Admin Training,3.78,Hour,1749.64,USD,1.0,12661.13,0.0,12661.13,12661.13,Enso EU,US-East,R&D,Internal,,,,
TXN-0005570,Bank Deposit,2024-11-24,Nov 2024,BAN-542268,Deposited,Yes,Google Cloud,4000,Revenue,Training session,,,,,,GBP,1.27,37788.56,0.0,37788.56,47991.47,Enso EU,US-West,Finance,SMB,,ACH,,Elena Petrova
TXN-0005571,Vendor Payment,2024-11-29,Nov 2024,VEN-517600,Processed,Yes,Cisco,5000,COGS,Consulting services,,,,,,USD,1.0,9304.87,0.0,9304.87,9304.87,Enso UK,US-West,Sales,Enterprise,,ACH,,Elena Petrova
